Region,Year,Year (ISO),Opencast,Undergound,Total
Waikato,2009.0,"java.util.GregorianCalendar[time=1230721200000,areFieldsSet=true,areAllFieldsSet=true,lenient=true,zone=sun.util.calendar.ZoneInfo[id=""Pacific/Auckland"",offset=43200000,dstSavings=3600000,useDaylight=true,transitions=156,lastRule=java.util.SimpleTimeZone[id=Pacific/Auckland,offset=43200000,dstSavings=3600000,useDaylight=true,startYear=0,startMode=2,startMonth=8,startDay=-1,startDayOfWeek=1,startTime=7200000,startTimeMode=1,endMode=3,endMonth=3,endDay=1,endDayOfWeek=1,endTime=7200000,endTimeMode=1]],firstDayOfWeek=1,minimalDaysInFirstWeek=1,ERA=1,YEAR=2009,MONTH=0,WEEK_OF_YEAR=1,WEEK_OF_MONTH=1,DAY_OF_MONTH=1,DAY_OF_YEAR=1,DAY_OF_WEEK=5,DAY_OF_WEEK_IN_MONTH=1,AM_PM=0,HOUR=0,HOUR_OF_DAY=0,MINUTE=0,SECOND=0,MILLISECOND=0,ZONE_OFFSET=43200000,DST_OFFSET=3600000]",1380654.0,365918.0,1746572.0
North Island,2009.0,"java.util.GregorianCalendar[time=1230721200000,areFieldsSet=true,areAllFieldsSet=true,lenient=true,zone=sun.util.calendar.ZoneInfo[id=""Pacific/Auckland"",offset=43200000,dstSavings=3600000,useDaylight=true,transitions=156,lastRule=java.util.SimpleTimeZone[id=Pacific/Auckland,offset=43200000,dstSavings=3600000,useDaylight=true,startYear=0,startMode=2,startMonth=8,startDay=-1,startDayOfWeek=1,startTime=7200000,startTimeMode=1,endMode=3,endMonth=3,endDay=1,endDayOfWeek=1,endTime=7200000,endTimeMode=1]],firstDayOfWeek=1,minimalDaysInFirstWeek=1,ERA=1,YEAR=2009,MONTH=0,WEEK_OF_YEAR=1,WEEK_OF_MONTH=1,DAY_OF_MONTH=1,DAY_OF_YEAR=1,DAY_OF_WEEK=5,DAY_OF_WEEK_IN_MONTH=1,AM_PM=0,HOUR=0,HOUR_OF_DAY=0,MINUTE=0,SECOND=0,MILLISECOND=0,ZONE_OFFSET=43200000,DST_OFFSET=3600000]",1380654.0,365918.0,1746572.0
West Coast,2009.0,"java.util.GregorianCalendar[time=1230721200000,areFieldsSet=true,areAllFieldsSet=true,lenient=true,zone=sun.util.calendar.ZoneInfo[id=""Pacific/Auckland"",offset=43200000,dstSavings=3600000,useDaylight=true,transitions=156,lastRule=java.util.SimpleTimeZone[id=Pacific/Auckland,offset=43200000,dstSavings=3600000,useDaylight=true,startYear=0,startMode=2,startMonth=8,startDay=-1,startDayOfWeek=1,startTime=7200000,startTimeMode=1,endMode=3,endMonth=3,endDay=1,endDayOfWeek=1,endTime=7200000,endTimeMode=1]],firstDayOfWeek=1,minimalDaysInFirstWeek=1,ERA=1,YEAR=2009,MONTH=0,WEEK_OF_YEAR=1,WEEK_OF_MONTH=1,DAY_OF_MONTH=1,DAY_OF_YEAR=1,DAY_OF_WEEK=5,DAY_OF_WEEK_IN_MONTH=1,AM_PM=0,HOUR=0,HOUR_OF_DAY=0,MINUTE=0,SECOND=0,MILLISECOND=0,ZONE_OFFSET=43200000,DST_OFFSET=3600000]",1766407.0,470124.0,2236531.0
Canterbury,2009.0,"java.util.GregorianCalendar[time=1230721200000,areFieldsSet=true,areAllFieldsSet=true,lenient=true,zone=sun.util.calendar.ZoneInfo[id=""Pacific/Auckland"",offset=43200000,dstSavings=3600000,useDaylight=true,transitions=156,lastRule=java.util.SimpleTimeZone[id=Pacific/Auckland,offset=43200000,dstSavings=3600000,useDaylight=true,startYear=0,startMode=2,startMonth=8,startDay=-1,startDayOfWeek=1,startTime=7200000,startTimeMode=1,endMode=3,endMonth=3,endDay=1,endDayOfWeek=1,endTime=7200000,endTimeMode=1]],firstDayOfWeek=1,minimalDaysInFirstWeek=1,ERA=1,YEAR=2009,MONTH=0,WEEK_OF_YEAR=1,WEEK_OF_MONTH=1,DAY_OF_MONTH=1,DAY_OF_YEAR=1,DAY_OF_WEEK=5,DAY_OF_WEEK_IN_MONTH=1,AM_PM=0,HOUR=0,HOUR_OF_DAY=0,MINUTE=0,SECOND=0,MILLISECOND=0,ZONE_OFFSET=43200000,DST_OFFSET=3600000]",28976.0,0.0,28976.0
Otago,2009.0,"java.util.GregorianCalendar[time=1230721200000,areFieldsSet=true,areAllFieldsSet=true,lenient=true,zone=sun.util.calendar.ZoneInfo[id=""Pacific/Auckland"",offset=43200000,dstSavings=3600000,useDaylight=true,transitions=156,lastRule=java.util.SimpleTimeZone[id=Pacific/Auckland,offset=43200000,dstSavings=3600000,useDaylight=true,startYear=0,startMode=2,startMonth=8,startDay=-1,startDayOfWeek=1,startTime=7200000,startTimeMode=1,endMode=3,endMonth=3,endDay=1,endDayOfWeek=1,endTime=7200000,endTimeMode=1]],firstDayOfWeek=1,minimalDaysInFirstWeek=1,ERA=1,YEAR=2009,MONTH=0,WEEK_OF_YEAR=1,WEEK_OF_MONTH=1,DAY_OF_MONTH=1,DAY_OF_YEAR=1,DAY_OF_WEEK=5,DAY_OF_WEEK_IN_MONTH=1,AM_PM=0,HOUR=0,HOUR_OF_DAY=0,MINUTE=0,SECOND=0,MILLISECOND=0,ZONE_OFFSET=43200000,DST_OFFSET=3600000]",71193.0,0.0,71193.0
Southland,2009.0,"java.util.GregorianCalendar[time=1230721200000,areFieldsSet=true,areAllFieldsSet=true,lenient=true,zone=sun.util.calendar.ZoneInfo[id=""Pacific/Auckland"",offset=43200000,dstSavings=3600000,useDaylight=true,transitions=156,lastRule=java.util.SimpleTimeZone[id=Pacific/Auckland,offset=43200000,dstSavings=3600000,useDaylight=true,startYear=0,startMode=2,startMonth=8,startDay=-1,startDayOfWeek=1,startTime=7200000,startTimeMode=1,endMode=3,endMonth=3,endDay=1,endDayOfWeek=1,endTime=7200000,endTimeMode=1]],firstDayOfWeek=1,minimalDaysInFirstWeek=1,ERA=1,YEAR=2009,MONTH=0,WEEK_OF_YEAR=1,WEEK_OF_MONTH=1,DAY_OF_MONTH=1,DAY_OF_YEAR=1,DAY_OF_WEEK=5,DAY_OF_WEEK_IN_MONTH=1,AM_PM=0,HOUR=0,HOUR_OF_DAY=0,MINUTE=0,SECOND=0,MILLISECOND=0,ZONE_OFFSET=43200000,DST_OFFSET=3600000]",480061.0,0.0,480061.0
South Island,2009.0,"java.util.GregorianCalendar[time=1230721200000,areFieldsSet=true,areAllFieldsSet=true,lenient=true,zone=sun.util.calendar.ZoneInfo[id=""Pacific/Auckland"",offset=43200000,dstSavings=3600000,useDaylight=true,transitions=156,lastRule=java.util.SimpleTimeZone[id=Pacific/Auckland,offset=43200000,dstSavings=3600000,useDaylight=true,startYear=0,startMode=2,startMonth=8,startDay=-1,startDayOfWeek=1,startTime=7200000,startTimeMode=1,endMode=3,endMonth=3,endDay=1,endDayOfWeek=1,endTime=7200000,endTimeMode=1]],firstDayOfWeek=1,minimalDaysInFirstWeek=1,ERA=1,YEAR=2009,MONTH=0,WEEK_OF_YEAR=1,WEEK_OF_MONTH=1,DAY_OF_MONTH=1,DAY_OF_YEAR=1,DAY_OF_WEEK=5,DAY_OF_WEEK_IN_MONTH=1,AM_PM=0,HOUR=0,HOUR_OF_DAY=0,MINUTE=0,SECOND=0,MILLISECOND=0,ZONE_OFFSET=43200000,DST_OFFSET=3600000]",2346637.0,470124.0,2816761.0
New Zealand,2009.0,"java.util.GregorianCalendar[time=1230721200000,areFieldsSet=true,areAllFieldsSet=true,lenient=true,zone=sun.util.calendar.ZoneInfo[id=""Pacific/Auckland"",offset=43200000,dstSavings=3600000,useDaylight=true,transitions=156,lastRule=java.util.SimpleTimeZone[id=Pacific/Auckland,offset=43200000,dstSavings=3600000,useDaylight=true,startYear=0,startMode=2,startMonth=8,startDay=-1,startDayOfWeek=1,startTime=7200000,startTimeMode=1,endMode=3,endMonth=3,endDay=1,endDayOfWeek=1,endTime=7200000,endTimeMode=1]],firstDayOfWeek=1,minimalDaysInFirstWeek=1,ERA=1,YEAR=2009,MONTH=0,WEEK_OF_YEAR=1,WEEK_OF_MONTH=1,DAY_OF_MONTH=1,DAY_OF_YEAR=1,DAY_OF_WEEK=5,DAY_OF_WEEK_IN_MONTH=1,AM_PM=0,HOUR=0,HOUR_OF_DAY=0,MINUTE=0,SECOND=0,MILLISECOND=0,ZONE_OFFSET=43200000,DST_OFFSET=3600000]",3727291.0,836042.0,4563333.0
Waikato,2008.0,"java.util.GregorianCalendar[time=1199098800000,areFieldsSet=true,areAllFieldsSet=true,lenient=true,zone=sun.util.calendar.ZoneInfo[id=""Pacific/Auckland"",offset=43200000,dstSavings=3600000,useDaylight=true,transitions=156,lastRule=java.util.SimpleTimeZone[id=Pacific/Auckland,offset=43200000,dstSavings=3600000,useDaylight=true,startYear=0,startMode=2,startMonth=8,startDay=-1,startDayOfWeek=1,startTime=7200000,startTimeMode=1,endMode=3,endMonth=3,endDay=1,endDayOfWeek=1,endTime=7200000,endTimeMode=1]],firstDayOfWeek=1,minimalDaysInFirstWeek=1,ERA=1,YEAR=2008,MONTH=0,WEEK_OF_YEAR=1,WEEK_OF_MONTH=1,DAY_OF_MONTH=1,DAY_OF_YEAR=1,DAY_OF_WEEK=3,DAY_OF_WEEK_IN_MONTH=1,AM_PM=0,HOUR=0,HOUR_OF_DAY=0,MINUTE=0,SECOND=0,MILLISECOND=0,ZONE_OFFSET=43200000,DST_OFFSET=3600000]",1518169.0,251217.0,1769386.0
North Island,2008.0,"java.util.GregorianCalendar[time=1199098800000,areFieldsSet=true,areAllFieldsSet=true,lenient=true,zone=sun.util.calendar.ZoneInfo[id=""Pacific/Auckland"",offset=43200000,dstSavings=3600000,useDaylight=true,transitions=156,lastRule=java.util.SimpleTimeZone[id=Pacific/Auckland,offset=43200000,dstSavings=3600000,useDaylight=true,startYear=0,startMode=2,startMonth=8,startDay=-1,startDayOfWeek=1,startTime=7200000,startTimeMode=1,endMode=3,endMonth=3,endDay=1,endDayOfWeek=1,endTime=7200000,endTimeMode=1]],firstDayOfWeek=1,minimalDaysInFirstWeek=1,ERA=1,YEAR=2008,MONTH=0,WEEK_OF_YEAR=1,WEEK_OF_MONTH=1,DAY_OF_MONTH=1,DAY_OF_YEAR=1,DAY_OF_WEEK=3,DAY_OF_WEEK_IN_MONTH=1,AM_PM=0,HOUR=0,HOUR_OF_DAY=0,MINUTE=0,SECOND=0,MILLISECOND=0,ZONE_OFFSET=43200000,DST_OFFSET=3600000]",1518169.0,251217.0,1769386.0
West Coast,2008.0,"java.util.GregorianCalendar[time=1199098800000,areFieldsSet=true,areAllFieldsSet=true,lenient=true,zone=sun.util.calendar.ZoneInfo[id=""Pacific/Auckland"",offset=43200000,dstSavings=3600000,useDaylight=true,transitions=156,lastRule=java.util.SimpleTimeZone[id=Pacific/Auckland,offset=43200000,dstSavings=3600000,useDaylight=true,startYear=0,startMode=2,startMonth=8,startDay=-1,startDayOfWeek=1,startTime=7200000,startTimeMode=1,endMode=3,endMonth=3,endDay=1,endDayOfWeek=1,endTime=7200000,endTimeMode=1]],firstDayOfWeek=1,minimalDaysInFirstWeek=1,ERA=1,YEAR=2008,MONTH=0,WEEK_OF_YEAR=1,WEEK_OF_MONTH=1,DAY_OF_MONTH=1,DAY_OF_YEAR=1,DAY_OF_WEEK=3,DAY_OF_WEEK_IN_MONTH=1,AM_PM=0,HOUR=0,HOUR_OF_DAY=0,MINUTE=0,SECOND=0,MILLISECOND=0,ZONE_OFFSET=43200000,DST_OFFSET=3600000]",2017445.0,594061.0,2611506.0
Canterbury,2008.0,"java.util.GregorianCalendar[time=1199098800000,areFieldsSet=true,areAllFieldsSet=true,lenient=true,zone=sun.util.calendar.ZoneInfo[id=""Pacific/Auckland"",offset=43200000,dstSavings=3600000,useDaylight=true,transitions=156,lastRule=java.util.SimpleTimeZone[id=Pacific/Auckland,offset=43200000,dstSavings=3600000,useDaylight=true,startYear=0,startMode=2,startMonth=8,startDay=-1,startDayOfWeek=1,startTime=7200000,startTimeMode=1,endMode=3,endMonth=3,endDay=1,endDayOfWeek=1,endTime=7200000,endTimeMode=1]],firstDayOfWeek=1,minimalDaysInFirstWeek=1,ERA=1,YEAR=2008,MONTH=0,WEEK_OF_YEAR=1,WEEK_OF_MONTH=1,DAY_OF_MONTH=1,DAY_OF_YEAR=1,DAY_OF_WEEK=3,DAY_OF_WEEK_IN_MONTH=1,AM_PM=0,HOUR=0,HOUR_OF_DAY=0,MINUTE=0,SECOND=0,MILLISECOND=0,ZONE_OFFSET=43200000,DST_OFFSET=3600000]",18797.0,0.0,18797.0
Otago,2008.0,"java.util.GregorianCalendar[time=1199098800000,areFieldsSet=true,areAllFieldsSet=true,lenient=true,zone=sun.util.calendar.ZoneInfo[id=""Pacific/Auckland"",offset=43200000,dstSavings=3600000,useDaylight=true,transitions=156,lastRule=java.util.SimpleTimeZone[id=Pacific/Auckland,offset=43200000,dstSavings=3600000,useDaylight=true,startYear=0,startMode=2,startMonth=8,startDay=-1,startDayOfWeek=1,startTime=7200000,startTimeMode=1,endMode=3,endMonth=3,endDay=1,endDayOfWeek=1,endTime=7200000,endTimeMode=1]],firstDayOfWeek=1,minimalDaysInFirstWeek=1,ERA=1,YEAR=2008,MONTH=0,WEEK_OF_YEAR=1,WEEK_OF_MONTH=1,DAY_OF_MONTH=1,DAY_OF_YEAR=1,DAY_OF_WEEK=3,DAY_OF_WEEK_IN_MONTH=1,AM_PM=0,HOUR=0,HOUR_OF_DAY=0,MINUTE=0,SECOND=0,MILLISECOND=0,ZONE_OFFSET=43200000,DST_OFFSET=3600000]",62700.0,0.0,62700.0
Southland,2008.0,"java.util.GregorianCalendar[time=1199098800000,areFieldsSet=true,areAllFieldsSet=true,lenient=true,zone=sun.util.calendar.ZoneInfo[id=""Pacific/Auckland"",offset=43200000,dstSavings=3600000,useDaylight=true,transitions=156,lastRule=java.util.SimpleTimeZone[id=Pacific/Auckland,offset=43200000,dstSavings=3600000,useDaylight=true,startYear=0,startMode=2,startMonth=8,startDay=-1,startDayOfWeek=1,startTime=7200000,startTimeMode=1,endMode=3,endMonth=3,endDay=1,endDayOfWeek=1,endTime=7200000,endTimeMode=1]],firstDayOfWeek=1,minimalDaysInFirstWeek=1,ERA=1,YEAR=2008,MONTH=0,WEEK_OF_YEAR=1,WEEK_OF_MONTH=1,DAY_OF_MONTH=1,DAY_OF_YEAR=1,DAY_OF_WEEK=3,DAY_OF_WEEK_IN_MONTH=1,AM_PM=0,HOUR=0,HOUR_OF_DAY=0,MINUTE=0,SECOND=0,MILLISECOND=0,ZONE_OFFSET=43200000,DST_OFFSET=3600000]",447032.0,0.0,447032.0
South Island,2008.0,"java.util.GregorianCalendar[time=1199098800000,areFieldsSet=true,areAllFieldsSet=true,lenient=true,zone=sun.util.calendar.ZoneInfo[id=""Pacific/Auckland"",offset=43200000,dstSavings=3600000,useDaylight=true,transitions=156,lastRule=java.util.SimpleTimeZone[id=Pacific/Auckland,offset=43200000,dstSavings=3600000,useDaylight=true,startYear=0,startMode=2,startMonth=8,startDay=-1,startDayOfWeek=1,startTime=7200000,startTimeMode=1,endMode=3,endMonth=3,endDay=1,endDayOfWeek=1,endTime=7200000,endTimeMode=1]],firstDayOfWeek=1,minimalDaysInFirstWeek=1,ERA=1,YEAR=2008,MONTH=0,WEEK_OF_YEAR=1,WEEK_OF_MONTH=1,DAY_OF_MONTH=1,DAY_OF_YEAR=1,DAY_OF_WEEK=3,DAY_OF_WEEK_IN_MONTH=1,AM_PM=0,HOUR=0,HOUR_OF_DAY=0,MINUTE=0,SECOND=0,MILLISECOND=0,ZONE_OFFSET=43200000,DST_OFFSET=3600000]",2545974.0,594061.0,3140035.0
New Zealand,2008.0,"java.util.GregorianCalendar[time=1199098800000,areFieldsSet=true,areAllFieldsSet=true,lenient=true,zone=sun.util.calendar.ZoneInfo[id=""Pacific/Auckland"",offset=43200000,dstSavings=3600000,useDaylight=true,transitions=156,lastRule=java.util.SimpleTimeZone[id=Pacific/Auckland,offset=43200000,dstSavings=3600000,useDaylight=true,startYear=0,startMode=2,startMonth=8,startDay=-1,startDayOfWeek=1,startTime=7200000,startTimeMode=1,endMode=3,endMonth=3,endDay=1,endDayOfWeek=1,endTime=7200000,endTimeMode=1]],firstDayOfWeek=1,minimalDaysInFirstWeek=1,ERA=1,YEAR=2008,MONTH=0,WEEK_OF_YEAR=1,WEEK_OF_MONTH=1,DAY_OF_MONTH=1,DAY_OF_YEAR=1,DAY_OF_WEEK=3,DAY_OF_WEEK_IN_MONTH=1,AM_PM=0,HOUR=0,HOUR_OF_DAY=0,MINUTE=0,SECOND=0,MILLISECOND=0,ZONE_OFFSET=43200000,DST_OFFSET=3600000]",4064143.0,845278.0,4909421.0
Waikato,2007.0,"java.util.GregorianCalendar[time=1167562800000,areFieldsSet=true,areAllFieldsSet=true,lenient=true,zone=sun.util.calendar.ZoneInfo[id=""Pacific/Auckland"",offset=43200000,dstSavings=3600000,useDaylight=true,transitions=156,lastRule=java.util.SimpleTimeZone[id=Pacific/Auckland,offset=43200000,dstSavings=3600000,useDaylight=true,startYear=0,startMode=2,startMonth=8,startDay=-1,startDayOfWeek=1,startTime=7200000,startTimeMode=1,endMode=3,endMonth=3,endDay=1,endDayOfWeek=1,endTime=7200000,endTimeMode=1]],firstDayOfWeek=1,minimalDaysInFirstWeek=1,ERA=1,YEAR=2007,MONTH=0,WEEK_OF_YEAR=1,WEEK_OF_MONTH=1,DAY_OF_MONTH=1,DAY_OF_YEAR=1,DAY_OF_WEEK=2,DAY_OF_WEEK_IN_MONTH=1,AM_PM=0,HOUR=0,HOUR_OF_DAY=0,MINUTE=0,SECOND=0,MILLISECOND=0,ZONE_OFFSET=43200000,DST_OFFSET=3600000]",1811488.0,390322.0,2201810.0
North Island,2007.0,"java.util.GregorianCalendar[time=1167562800000,areFieldsSet=true,areAllFieldsSet=true,lenient=true,zone=sun.util.calendar.ZoneInfo[id=""Pacific/Auckland"",offset=43200000,dstSavings=3600000,useDaylight=true,transitions=156,lastRule=java.util.SimpleTimeZone[id=Pacific/Auckland,offset=43200000,dstSavings=3600000,useDaylight=true,startYear=0,startMode=2,startMonth=8,startDay=-1,startDayOfWeek=1,startTime=7200000,startTimeMode=1,endMode=3,endMonth=3,endDay=1,endDayOfWeek=1,endTime=7200000,endTimeMode=1]],firstDayOfWeek=1,minimalDaysInFirstWeek=1,ERA=1,YEAR=2007,MONTH=0,WEEK_OF_YEAR=1,WEEK_OF_MONTH=1,DAY_OF_MONTH=1,DAY_OF_YEAR=1,DAY_OF_WEEK=2,DAY_OF_WEEK_IN_MONTH=1,AM_PM=0,HOUR=0,HOUR_OF_DAY=0,MINUTE=0,SECOND=0,MILLISECOND=0,ZONE_OFFSET=43200000,DST_OFFSET=3600000]",1811488.0,390322.0,2201810.0
West Coast,2007.0,"java.util.GregorianCalendar[time=1167562800000,areFieldsSet=true,areAllFieldsSet=true,lenient=true,zone=sun.util.calendar.ZoneInfo[id=""Pacific/Auckland"",offset=43200000,dstSavings=3600000,useDaylight=true,transitions=156,lastRule=java.util.SimpleTimeZone[id=Pacific/Auckland,offset=43200000,dstSavings=3600000,useDaylight=true,startYear=0,startMode=2,startMonth=8,startDay=-1,startDayOfWeek=1,startTime=7200000,startTimeMode=1,endMode=3,endMonth=3,endDay=1,endDayOfWeek=1,endTime=7200000,endTimeMode=1]],firstDayOfWeek=1,minimalDaysInFirstWeek=1,ERA=1,YEAR=2007,MONTH=0,WEEK_OF_YEAR=1,WEEK_OF_MONTH=1,DAY_OF_MONTH=1,DAY_OF_YEAR=1,DAY_OF_WEEK=2,DAY_OF_WEEK_IN_MONTH=1,AM_PM=0,HOUR=0,HOUR_OF_DAY=0,MINUTE=0,SECOND=0,MILLISECOND=0,ZONE_OFFSET=43200000,DST_OFFSET=3600000]",1924097.0,229551.0,2153648.0
Canterbury,2007.0,"java.util.GregorianCalendar[time=1167562800000,areFieldsSet=true,areAllFieldsSet=true,lenient=true,zone=sun.util.calendar.ZoneInfo[id=""Pacific/Auckland"",offset=43200000,dstSavings=3600000,useDaylight=true,transitions=156,lastRule=java.util.SimpleTimeZone[id=Pacific/Auckland,offset=43200000,dstSavings=3600000,useDaylight=true,startYear=0,startMode=2,startMonth=8,startDay=-1,startDayOfWeek=1,startTime=7200000,startTimeMode=1,endMode=3,endMonth=3,endDay=1,endDayOfWeek=1,endTime=7200000,endTimeMode=1]],firstDayOfWeek=1,minimalDaysInFirstWeek=1,ERA=1,YEAR=2007,MONTH=0,WEEK_OF_YEAR=1,WEEK_OF_MONTH=1,DAY_OF_MONTH=1,DAY_OF_YEAR=1,DAY_OF_WEEK=2,DAY_OF_WEEK_IN_MONTH=1,AM_PM=0,HOUR=0,HOUR_OF_DAY=0,MINUTE=0,SECOND=0,MILLISECOND=0,ZONE_OFFSET=43200000,DST_OFFSET=3600000]",58950.0,0.0,58950.0
Otago,2007.0,"java.util.GregorianCalendar[time=1167562800000,areFieldsSet=true,areAllFieldsSet=true,lenient=true,zone=sun.util.calendar.ZoneInfo[id=""Pacific/Auckland"",offset=43200000,dstSavings=3600000,useDaylight=true,transitions=156,lastRule=java.util.SimpleTimeZone[id=Pacific/Auckland,offset=43200000,dstSavings=3600000,useDaylight=true,startYear=0,startMode=2,startMonth=8,startDay=-1,startDayOfWeek=1,startTime=7200000,startTimeMode=1,endMode=3,endMonth=3,endDay=1,endDayOfWeek=1,endTime=7200000,endTimeMode=1]],firstDayOfWeek=1,minimalDaysInFirstWeek=1,ERA=1,YEAR=2007,MONTH=0,WEEK_OF_YEAR=1,WEEK_OF_MONTH=1,DAY_OF_MONTH=1,DAY_OF_YEAR=1,DAY_OF_WEEK=2,DAY_OF_WEEK_IN_MONTH=1,AM_PM=0,HOUR=0,HOUR_OF_DAY=0,MINUTE=0,SECOND=0,MILLISECOND=0,ZONE_OFFSET=43200000,DST_OFFSET=3600000]",10496.0,0.0,10496.0
Southland,2007.0,"java.util.GregorianCalendar[time=1167562800000,areFieldsSet=true,areAllFieldsSet=true,lenient=true,zone=sun.util.calendar.ZoneInfo[id=""Pacific/Auckland"",offset=43200000,dstSavings=3600000,useDaylight=true,transitions=156,lastRule=java.util.SimpleTimeZone[id=Pacific/Auckland,offset=43200000,dstSavings=3600000,useDaylight=true,startYear=0,startMode=2,startMonth=8,startDay=-1,startDayOfWeek=1,startTime=7200000,startTimeMode=1,endMode=3,endMonth=3,endDay=1,endDayOfWeek=1,endTime=7200000,endTimeMode=1]],firstDayOfWeek=1,minimalDaysInFirstWeek=1,ERA=1,YEAR=2007,MONTH=0,WEEK_OF_YEAR=1,WEEK_OF_MONTH=1,DAY_OF_MONTH=1,DAY_OF_YEAR=1,DAY_OF_WEEK=2,DAY_OF_WEEK_IN_MONTH=1,AM_PM=0,HOUR=0,HOUR_OF_DAY=0,MINUTE=0,SECOND=0,MILLISECOND=0,ZONE_OFFSET=43200000,DST_OFFSET=3600000]",410504.0,0.0,410504.0
South Island,2007.0,"java.util.GregorianCalendar[time=1167562800000,areFieldsSet=true,areAllFieldsSet=true,lenient=true,zone=sun.util.calendar.ZoneInfo[id=""Pacific/Auckland"",offset=43200000,dstSavings=3600000,useDaylight=true,transitions=156,lastRule=java.util.SimpleTimeZone[id=Pacific/Auckland,offset=43200000,dstSavings=3600000,useDaylight=true,startYear=0,startMode=2,startMonth=8,startDay=-1,startDayOfWeek=1,startTime=7200000,startTimeMode=1,endMode=3,endMonth=3,endDay=1,endDayOfWeek=1,endTime=7200000,endTimeMode=1]],firstDayOfWeek=1,minimalDaysInFirstWeek=1,ERA=1,YEAR=2007,MONTH=0,WEEK_OF_YEAR=1,WEEK_OF_MONTH=1,DAY_OF_MONTH=1,DAY_OF_YEAR=1,DAY_OF_WEEK=2,DAY_OF_WEEK_IN_MONTH=1,AM_PM=0,HOUR=0,HOUR_OF_DAY=0,MINUTE=0,SECOND=0,MILLISECOND=0,ZONE_OFFSET=43200000,DST_OFFSET=3600000]",2404047.0,229551.0,2633598.0
New Zealand,2007.0,"java.util.GregorianCalendar[time=1167562800000,areFieldsSet=true,areAllFieldsSet=true,lenient=true,zone=sun.util.calendar.ZoneInfo[id=""Pacific/Auckland"",offset=43200000,dstSavings=3600000,useDaylight=true,transitions=156,lastRule=java.util.SimpleTimeZone[id=Pacific/Auckland,offset=43200000,dstSavings=3600000,useDaylight=true,startYear=0,startMode=2,startMonth=8,startDay=-1,startDayOfWeek=1,startTime=7200000,startTimeMode=1,endMode=3,endMonth=3,endDay=1,endDayOfWeek=1,endTime=7200000,endTimeMode=1]],firstDayOfWeek=1,minimalDaysInFirstWeek=1,ERA=1,YEAR=2007,MONTH=0,WEEK_OF_YEAR=1,WEEK_OF_MONTH=1,DAY_OF_MONTH=1,DAY_OF_YEAR=1,DAY_OF_WEEK=2,DAY_OF_WEEK_IN_MONTH=1,AM_PM=0,HOUR=0,HOUR_OF_DAY=0,MINUTE=0,SECOND=0,MILLISECOND=0,ZONE_OFFSET=43200000,DST_OFFSET=3600000]",4215535.0,619873.0,4835408.0
Waikato,2006.0,"java.util.GregorianCalendar[time=1136026800000,areFieldsSet=true,areAllFieldsSet=true,lenient=true,zone=sun.util.calendar.ZoneInfo[id=""Pacific/Auckland"",offset=43200000,dstSavings=3600000,useDaylight=true,transitions=156,lastRule=java.util.SimpleTimeZone[id=Pacific/Auckland,offset=43200000,dstSavings=3600000,useDaylight=true,startYear=0,startMode=2,startMonth=8,startDay=-1,startDayOfWeek=1,startTime=7200000,startTimeMode=1,endMode=3,endMonth=3,endDay=1,endDayOfWeek=1,endTime=7200000,endTimeMode=1]],firstDayOfWeek=1,minimalDaysInFirstWeek=1,ERA=1,YEAR=2006,MONTH=0,WEEK_OF_YEAR=1,WEEK_OF_MONTH=1,DAY_OF_MONTH=1,DAY_OF_YEAR=1,DAY_OF_WEEK=1,DAY_OF_WEEK_IN_MONTH=1,AM_PM=0,HOUR=0,HOUR_OF_DAY=0,MINUTE=0,SECOND=0,MILLISECOND=0,ZONE_OFFSET=43200000,DST_OFFSET=3600000]",1849290.0,440519.0,2289809.0
North Island,2006.0,"java.util.GregorianCalendar[time=1136026800000,areFieldsSet=true,areAllFieldsSet=true,lenient=true,zone=sun.util.calendar.ZoneInfo[id=""Pacific/Auckland"",offset=43200000,dstSavings=3600000,useDaylight=true,transitions=156,lastRule=java.util.SimpleTimeZone[id=Pacific/Auckland,offset=43200000,dstSavings=3600000,useDaylight=true,startYear=0,startMode=2,startMonth=8,startDay=-1,startDayOfWeek=1,startTime=7200000,startTimeMode=1,endMode=3,endMonth=3,endDay=1,endDayOfWeek=1,endTime=7200000,endTimeMode=1]],firstDayOfWeek=1,minimalDaysInFirstWeek=1,ERA=1,YEAR=2006,MONTH=0,WEEK_OF_YEAR=1,WEEK_OF_MONTH=1,DAY_OF_MONTH=1,DAY_OF_YEAR=1,DAY_OF_WEEK=1,DAY_OF_WEEK_IN_MONTH=1,AM_PM=0,HOUR=0,HOUR_OF_DAY=0,MINUTE=0,SECOND=0,MILLISECOND=0,ZONE_OFFSET=43200000,DST_OFFSET=3600000]",1849290.0,440519.0,2289809.0
West Coast,2006.0,"java.util.GregorianCalendar[time=1136026800000,areFieldsSet=true,areAllFieldsSet=true,lenient=true,zone=sun.util.calendar.ZoneInfo[id=""Pacific/Auckland"",offset=43200000,dstSavings=3600000,useDaylight=true,transitions=156,lastRule=java.util.SimpleTimeZone[id=Pacific/Auckland,offset=43200000,dstSavings=3600000,useDaylight=true,startYear=0,startMode=2,startMonth=8,startDay=-1,startDayOfWeek=1,startTime=7200000,startTimeMode=1,endMode=3,endMonth=3,endDay=1,endDayOfWeek=1,endTime=7200000,endTimeMode=1]],firstDayOfWeek=1,minimalDaysInFirstWeek=1,ERA=1,YEAR=2006,MONTH=0,WEEK_OF_YEAR=1,WEEK_OF_MONTH=1,DAY_OF_MONTH=1,DAY_OF_YEAR=1,DAY_OF_WEEK=1,DAY_OF_WEEK_IN_MONTH=1,AM_PM=0,HOUR=0,HOUR_OF_DAY=0,MINUTE=0,SECOND=0,MILLISECOND=0,ZONE_OFFSET=43200000,DST_OFFSET=3600000]",2338268.0,661112.0,2999380.0
Canterbury,2006.0,"java.util.GregorianCalendar[time=1136026800000,areFieldsSet=true,areAllFieldsSet=true,lenient=true,zone=sun.util.calendar.ZoneInfo[id=""Pacific/Auckland"",offset=43200000,dstSavings=3600000,useDaylight=true,transitions=156,lastRule=java.util.SimpleTimeZone[id=Pacific/Auckland,offset=43200000,dstSavings=3600000,useDaylight=true,startYear=0,startMode=2,startMonth=8,startDay=-1,startDayOfWeek=1,startTime=7200000,startTimeMode=1,endMode=3,endMonth=3,endDay=1,endDayOfWeek=1,endTime=7200000,endTimeMode=1]],firstDayOfWeek=1,minimalDaysInFirstWeek=1,ERA=1,YEAR=2006,MONTH=0,WEEK_OF_YEAR=1,WEEK_OF_MONTH=1,DAY_OF_MONTH=1,DAY_OF_YEAR=1,DAY_OF_WEEK=1,DAY_OF_WEEK_IN_MONTH=1,AM_PM=0,HOUR=0,HOUR_OF_DAY=0,MINUTE=0,SECOND=0,MILLISECOND=0,ZONE_OFFSET=43200000,DST_OFFSET=3600000]",4017.0,0.0,4017.0
Otago,2006.0,"java.util.GregorianCalendar[time=1136026800000,areFieldsSet=true,areAllFieldsSet=true,lenient=true,zone=sun.util.calendar.ZoneInfo[id=""Pacific/Auckland"",offset=43200000,dstSavings=3600000,useDaylight=true,transitions=156,lastRule=java.util.SimpleTimeZone[id=Pacific/Auckland,offset=43200000,dstSavings=3600000,useDaylight=true,startYear=0,startMode=2,startMonth=8,startDay=-1,startDayOfWeek=1,startTime=7200000,startTimeMode=1,endMode=3,endMonth=3,endDay=1,endDayOfWeek=1,endTime=7200000,endTimeMode=1]],firstDayOfWeek=1,minimalDaysInFirstWeek=1,ERA=1,YEAR=2006,MONTH=0,WEEK_OF_YEAR=1,WEEK_OF_MONTH=1,DAY_OF_MONTH=1,DAY_OF_YEAR=1,DAY_OF_WEEK=1,DAY_OF_WEEK_IN_MONTH=1,AM_PM=0,HOUR=0,HOUR_OF_DAY=0,MINUTE=0,SECOND=0,MILLISECOND=0,ZONE_OFFSET=43200000,DST_OFFSET=3600000]",57237.0,0.0,57237.0
Southland,2006.0,"java.util.GregorianCalendar[time=1136026800000,areFieldsSet=true,areAllFieldsSet=true,lenient=true,zone=sun.util.calendar.ZoneInfo[id=""Pacific/Auckland"",offset=43200000,dstSavings=3600000,useDaylight=true,transitions=156,lastRule=java.util.SimpleTimeZone[id=Pacific/Auckland,offset=43200000,dstSavings=3600000,useDaylight=true,startYear=0,startMode=2,startMonth=8,startDay=-1,startDayOfWeek=1,startTime=7200000,startTimeMode=1,endMode=3,endMonth=3,endDay=1,endDayOfWeek=1,endTime=7200000,endTimeMode=1]],firstDayOfWeek=1,minimalDaysInFirstWeek=1,ERA=1,YEAR=2006,MONTH=0,WEEK_OF_YEAR=1,WEEK_OF_MONTH=1,DAY_OF_MONTH=1,DAY_OF_YEAR=1,DAY_OF_WEEK=1,DAY_OF_WEEK_IN_MONTH=1,AM_PM=0,HOUR=0,HOUR_OF_DAY=0,MINUTE=0,SECOND=0,MILLISECOND=0,ZONE_OFFSET=43200000,DST_OFFSET=3600000]",417468.0,0.0,417468.0
South Island,2006.0,"java.util.GregorianCalendar[time=1136026800000,areFieldsSet=true,areAllFieldsSet=true,lenient=true,zone=sun.util.calendar.ZoneInfo[id=""Pacific/Auckland"",offset=43200000,dstSavings=3600000,useDaylight=true,transitions=156,lastRule=java.util.SimpleTimeZone[id=Pacific/Auckland,offset=43200000,dstSavings=3600000,useDaylight=true,startYear=0,startMode=2,startMonth=8,startDay=-1,startDayOfWeek=1,startTime=7200000,startTimeMode=1,endMode=3,endMonth=3,endDay=1,endDayOfWeek=1,endTime=7200000,endTimeMode=1]],firstDayOfWeek=1,minimalDaysInFirstWeek=1,ERA=1,YEAR=2006,MONTH=0,WEEK_OF_YEAR=1,WEEK_OF_MONTH=1,DAY_OF_MONTH=1,DAY_OF_YEAR=1,DAY_OF_WEEK=1,DAY_OF_WEEK_IN_MONTH=1,AM_PM=0,HOUR=0,HOUR_OF_DAY=0,MINUTE=0,SECOND=0,MILLISECOND=0,ZONE_OFFSET=43200000,DST_OFFSET=3600000]",2816990.0,661112.0,3478102.0
New Zealand,2006.0,"java.util.GregorianCalendar[time=1136026800000,areFieldsSet=true,areAllFieldsSet=true,lenient=true,zone=sun.util.calendar.ZoneInfo[id=""Pacific/Auckland"",offset=43200000,dstSavings=3600000,useDaylight=true,transitions=156,lastRule=java.util.SimpleTimeZone[id=Pacific/Auckland,offset=43200000,dstSavings=3600000,useDaylight=true,startYear=0,startMode=2,startMonth=8,startDay=-1,startDayOfWeek=1,startTime=7200000,startTimeMode=1,endMode=3,endMonth=3,endDay=1,endDayOfWeek=1,endTime=7200000,endTimeMode=1]],firstDayOfWeek=1,minimalDaysInFirstWeek=1,ERA=1,YEAR=2006,MONTH=0,WEEK_OF_YEAR=1,WEEK_OF_MONTH=1,DAY_OF_MONTH=1,DAY_OF_YEAR=1,DAY_OF_WEEK=1,DAY_OF_WEEK_IN_MONTH=1,AM_PM=0,HOUR=0,HOUR_OF_DAY=0,MINUTE=0,SECOND=0,MILLISECOND=0,ZONE_OFFSET=43200000,DST_OFFSET=3600000]",4666280.0,1101631.0,5767911.0
Waikato,2005.0,"java.util.GregorianCalendar[time=1104490800000,areFieldsSet=true,areAllFieldsSet=true,lenient=true,zone=sun.util.calendar.ZoneInfo[id=""Pacific/Auckland"",offset=43200000,dstSavings=3600000,useDaylight=true,transitions=156,lastRule=java.util.SimpleTimeZone[id=Pacific/Auckland,offset=43200000,dstSavings=3600000,useDaylight=true,startYear=0,startMode=2,startMonth=8,startDay=-1,startDayOfWeek=1,startTime=7200000,startTimeMode=1,endMode=3,endMonth=3,endDay=1,endDayOfWeek=1,endTime=7200000,endTimeMode=1]],firstDayOfWeek=1,minimalDaysInFirstWeek=1,ERA=1,YEAR=2005,MONTH=0,WEEK_OF_YEAR=1,WEEK_OF_MONTH=1,DAY_OF_MONTH=1,DAY_OF_YEAR=1,DAY_OF_WEEK=7,DAY_OF_WEEK_IN_MONTH=1,AM_PM=0,HOUR=0,HOUR_OF_DAY=0,MINUTE=0,SECOND=0,MILLISECOND=0,ZONE_OFFSET=43200000,DST_OFFSET=3600000]",1758831.25,361078.0,2119909.25
North Island,2005.0,"java.util.GregorianCalendar[time=1104490800000,areFieldsSet=true,areAllFieldsSet=true,lenient=true,zone=sun.util.calendar.ZoneInfo[id=""Pacific/Auckland"",offset=43200000,dstSavings=3600000,useDaylight=true,transitions=156,lastRule=java.util.SimpleTimeZone[id=Pacific/Auckland,offset=43200000,dstSavings=3600000,useDaylight=true,startYear=0,startMode=2,startMonth=8,startDay=-1,startDayOfWeek=1,startTime=7200000,startTimeMode=1,endMode=3,endMonth=3,endDay=1,endDayOfWeek=1,endTime=7200000,endTimeMode=1]],firstDayOfWeek=1,minimalDaysInFirstWeek=1,ERA=1,YEAR=2005,MONTH=0,WEEK_OF_YEAR=1,WEEK_OF_MONTH=1,DAY_OF_MONTH=1,DAY_OF_YEAR=1,DAY_OF_WEEK=7,DAY_OF_WEEK_IN_MONTH=1,AM_PM=0,HOUR=0,HOUR_OF_DAY=0,MINUTE=0,SECOND=0,MILLISECOND=0,ZONE_OFFSET=43200000,DST_OFFSET=3600000]",1758831.25,361078.0,2119909.25
West Coast,2005.0,"java.util.GregorianCalendar[time=1104490800000,areFieldsSet=true,areAllFieldsSet=true,lenient=true,zone=sun.util.calendar.ZoneInfo[id=""Pacific/Auckland"",offset=43200000,dstSavings=3600000,useDaylight=true,transitions=156,lastRule=java.util.SimpleTimeZone[id=Pacific/Auckland,offset=43200000,dstSavings=3600000,useDaylight=true,startYear=0,startMode=2,startMonth=8,startDay=-1,startDayOfWeek=1,startTime=7200000,startTimeMode=1,endMode=3,endMonth=3,endDay=1,endDayOfWeek=1,endTime=7200000,endTimeMode=1]],firstDayOfWeek=1,minimalDaysInFirstWeek=1,ERA=1,YEAR=2005,MONTH=0,WEEK_OF_YEAR=1,WEEK_OF_MONTH=1,DAY_OF_MONTH=1,DAY_OF_YEAR=1,DAY_OF_WEEK=7,DAY_OF_WEEK_IN_MONTH=1,AM_PM=0,HOUR=0,HOUR_OF_DAY=0,MINUTE=0,SECOND=0,MILLISECOND=0,ZONE_OFFSET=43200000,DST_OFFSET=3600000]",2267126.13,388472.0,2655598.13
Canterbury,2005.0,"java.util.GregorianCalendar[time=1104490800000,areFieldsSet=true,areAllFieldsSet=true,lenient=true,zone=sun.util.calendar.ZoneInfo[id=""Pacific/Auckland"",offset=43200000,dstSavings=3600000,useDaylight=true,transitions=156,lastRule=java.util.SimpleTimeZone[id=Pacific/Auckland,offset=43200000,dstSavings=3600000,useDaylight=true,startYear=0,startMode=2,startMonth=8,startDay=-1,startDayOfWeek=1,startTime=7200000,startTimeMode=1,endMode=3,endMonth=3,endDay=1,endDayOfWeek=1,endTime=7200000,endTimeMode=1]],firstDayOfWeek=1,minimalDaysInFirstWeek=1,ERA=1,YEAR=2005,MONTH=0,WEEK_OF_YEAR=1,WEEK_OF_MONTH=1,DAY_OF_MONTH=1,DAY_OF_YEAR=1,DAY_OF_WEEK=7,DAY_OF_WEEK_IN_MONTH=1,AM_PM=0,HOUR=0,HOUR_OF_DAY=0,MINUTE=0,SECOND=0,MILLISECOND=0,ZONE_OFFSET=43200000,DST_OFFSET=3600000]",3929.0,0.0,3929.0
Otago,2005.0,"java.util.GregorianCalendar[time=1104490800000,areFieldsSet=true,areAllFieldsSet=true,lenient=true,zone=sun.util.calendar.ZoneInfo[id=""Pacific/Auckland"",offset=43200000,dstSavings=3600000,useDaylight=true,transitions=156,lastRule=java.util.SimpleTimeZone[id=Pacific/Auckland,offset=43200000,dstSavings=3600000,useDaylight=true,startYear=0,startMode=2,startMonth=8,startDay=-1,startDayOfWeek=1,startTime=7200000,startTimeMode=1,endMode=3,endMonth=3,endDay=1,endDayOfWeek=1,endTime=7200000,endTimeMode=1]],firstDayOfWeek=1,minimalDaysInFirstWeek=1,ERA=1,YEAR=2005,MONTH=0,WEEK_OF_YEAR=1,WEEK_OF_MONTH=1,DAY_OF_MONTH=1,DAY_OF_YEAR=1,DAY_OF_WEEK=7,DAY_OF_WEEK_IN_MONTH=1,AM_PM=0,HOUR=0,HOUR_OF_DAY=0,MINUTE=0,SECOND=0,MILLISECOND=0,ZONE_OFFSET=43200000,DST_OFFSET=3600000]",56185.56,0.0,56185.56
Southland,2005.0,"java.util.GregorianCalendar[time=1104490800000,areFieldsSet=true,areAllFieldsSet=true,lenient=true,zone=sun.util.calendar.ZoneInfo[id=""Pacific/Auckland"",offset=43200000,dstSavings=3600000,useDaylight=true,transitions=156,lastRule=java.util.SimpleTimeZone[id=Pacific/Auckland,offset=43200000,dstSavings=3600000,useDaylight=true,startYear=0,startMode=2,startMonth=8,startDay=-1,startDayOfWeek=1,startTime=7200000,startTimeMode=1,endMode=3,endMonth=3,endDay=1,endDayOfWeek=1,endTime=7200000,endTimeMode=1]],firstDayOfWeek=1,minimalDaysInFirstWeek=1,ERA=1,YEAR=2005,MONTH=0,WEEK_OF_YEAR=1,WEEK_OF_MONTH=1,DAY_OF_MONTH=1,DAY_OF_YEAR=1,DAY_OF_WEEK=7,DAY_OF_WEEK_IN_MONTH=1,AM_PM=0,HOUR=0,HOUR_OF_DAY=0,MINUTE=0,SECOND=0,MILLISECOND=0,ZONE_OFFSET=43200000,DST_OFFSET=3600000]",426654.988,4885.0,431539.988
South Island,2005.0,"java.util.GregorianCalendar[time=1104490800000,areFieldsSet=true,areAllFieldsSet=true,lenient=true,zone=sun.util.calendar.ZoneInfo[id=""Pacific/Auckland"",offset=43200000,dstSavings=3600000,useDaylight=true,transitions=156,lastRule=java.util.SimpleTimeZone[id=Pacific/Auckland,offset=43200000,dstSavings=3600000,useDaylight=true,startYear=0,startMode=2,startMonth=8,startDay=-1,startDayOfWeek=1,startTime=7200000,startTimeMode=1,endMode=3,endMonth=3,endDay=1,endDayOfWeek=1,endTime=7200000,endTimeMode=1]],firstDayOfWeek=1,minimalDaysInFirstWeek=1,ERA=1,YEAR=2005,MONTH=0,WEEK_OF_YEAR=1,WEEK_OF_MONTH=1,DAY_OF_MONTH=1,DAY_OF_YEAR=1,DAY_OF_WEEK=7,DAY_OF_WEEK_IN_MONTH=1,AM_PM=0,HOUR=0,HOUR_OF_DAY=0,MINUTE=0,SECOND=0,MILLISECOND=0,ZONE_OFFSET=43200000,DST_OFFSET=3600000]",2753895.678,393357.0,3147252.678
New Zealand,2005.0,"java.util.GregorianCalendar[time=1104490800000,areFieldsSet=true,areAllFieldsSet=true,lenient=true,zone=sun.util.calendar.ZoneInfo[id=""Pacific/Auckland"",offset=43200000,dstSavings=3600000,useDaylight=true,transitions=156,lastRule=java.util.SimpleTimeZone[id=Pacific/Auckland,offset=43200000,dstSavings=3600000,useDaylight=true,startYear=0,startMode=2,startMonth=8,startDay=-1,startDayOfWeek=1,startTime=7200000,startTimeMode=1,endMode=3,endMonth=3,endDay=1,endDayOfWeek=1,endTime=7200000,endTimeMode=1]],firstDayOfWeek=1,minimalDaysInFirstWeek=1,ERA=1,YEAR=2005,MONTH=0,WEEK_OF_YEAR=1,WEEK_OF_MONTH=1,DAY_OF_MONTH=1,DAY_OF_YEAR=1,DAY_OF_WEEK=7,DAY_OF_WEEK_IN_MONTH=1,AM_PM=0,HOUR=0,HOUR_OF_DAY=0,MINUTE=0,SECOND=0,MILLISECOND=0,ZONE_OFFSET=43200000,DST_OFFSET=3600000]",4512726.927999999,754435.0,5267161.927999999
Waikato,2004.0,"java.util.GregorianCalendar[time=1072868400000,areFieldsSet=true,areAllFieldsSet=true,lenient=true,zone=sun.util.calendar.ZoneInfo[id=""Pacific/Auckland"",offset=43200000,dstSavings=3600000,useDaylight=true,transitions=156,lastRule=java.util.SimpleTimeZone[id=Pacific/Auckland,offset=43200000,dstSavings=3600000,useDaylight=true,startYear=0,startMode=2,startMonth=8,startDay=-1,startDayOfWeek=1,startTime=7200000,startTimeMode=1,endMode=3,endMonth=3,endDay=1,endDayOfWeek=1,endTime=7200000,endTimeMode=1]],firstDayOfWeek=1,minimalDaysInFirstWeek=1,ERA=1,YEAR=2004,MONTH=0,WEEK_OF_YEAR=1,WEEK_OF_MONTH=1,DAY_OF_MONTH=1,DAY_OF_YEAR=1,DAY_OF_WEEK=5,DAY_OF_WEEK_IN_MONTH=1,AM_PM=0,HOUR=0,HOUR_OF_DAY=0,MINUTE=0,SECOND=0,MILLISECOND=0,ZONE_OFFSET=43200000,DST_OFFSET=3600000]",1611738.77,441968.0,2053706.77
North Island,2004.0,"java.util.GregorianCalendar[time=1072868400000,areFieldsSet=true,areAllFieldsSet=true,lenient=true,zone=sun.util.calendar.ZoneInfo[id=""Pacific/Auckland"",offset=43200000,dstSavings=3600000,useDaylight=true,transitions=156,lastRule=java.util.SimpleTimeZone[id=Pacific/Auckland,offset=43200000,dstSavings=3600000,useDaylight=true,startYear=0,startMode=2,startMonth=8,startDay=-1,startDayOfWeek=1,startTime=7200000,startTimeMode=1,endMode=3,endMonth=3,endDay=1,endDayOfWeek=1,endTime=7200000,endTimeMode=1]],firstDayOfWeek=1,minimalDaysInFirstWeek=1,ERA=1,YEAR=2004,MONTH=0,WEEK_OF_YEAR=1,WEEK_OF_MONTH=1,DAY_OF_MONTH=1,DAY_OF_YEAR=1,DAY_OF_WEEK=5,DAY_OF_WEEK_IN_MONTH=1,AM_PM=0,HOUR=0,HOUR_OF_DAY=0,MINUTE=0,SECOND=0,MILLISECOND=0,ZONE_OFFSET=43200000,DST_OFFSET=3600000]",1611738.77,441968.0,2053706.77
West Coast,2004.0,"java.util.GregorianCalendar[time=1072868400000,areFieldsSet=true,areAllFieldsSet=true,lenient=true,zone=sun.util.calendar.ZoneInfo[id=""Pacific/Auckland"",offset=43200000,dstSavings=3600000,useDaylight=true,transitions=156,lastRule=java.util.SimpleTimeZone[id=Pacific/Auckland,offset=43200000,dstSavings=3600000,useDaylight=true,startYear=0,startMode=2,startMonth=8,startDay=-1,startDayOfWeek=1,startTime=7200000,startTimeMode=1,endMode=3,endMonth=3,endDay=1,endDayOfWeek=1,endTime=7200000,endTimeMode=1]],firstDayOfWeek=1,minimalDaysInFirstWeek=1,ERA=1,YEAR=2004,MONTH=0,WEEK_OF_YEAR=1,WEEK_OF_MONTH=1,DAY_OF_MONTH=1,DAY_OF_YEAR=1,DAY_OF_WEEK=5,DAY_OF_WEEK_IN_MONTH=1,AM_PM=0,HOUR=0,HOUR_OF_DAY=0,MINUTE=0,SECOND=0,MILLISECOND=0,ZONE_OFFSET=43200000,DST_OFFSET=3600000]",2359212.22,267575.74,2626787.96
Canterbury,2004.0,"java.util.GregorianCalendar[time=1072868400000,areFieldsSet=true,areAllFieldsSet=true,lenient=true,zone=sun.util.calendar.ZoneInfo[id=""Pacific/Auckland"",offset=43200000,dstSavings=3600000,useDaylight=true,transitions=156,lastRule=java.util.SimpleTimeZone[id=Pacific/Auckland,offset=43200000,dstSavings=3600000,useDaylight=true,startYear=0,startMode=2,startMonth=8,startDay=-1,startDayOfWeek=1,startTime=7200000,startTimeMode=1,endMode=3,endMonth=3,endDay=1,endDayOfWeek=1,endTime=7200000,endTimeMode=1]],firstDayOfWeek=1,minimalDaysInFirstWeek=1,ERA=1,YEAR=2004,MONTH=0,WEEK_OF_YEAR=1,WEEK_OF_MONTH=1,DAY_OF_MONTH=1,DAY_OF_YEAR=1,DAY_OF_WEEK=5,DAY_OF_WEEK_IN_MONTH=1,AM_PM=0,HOUR=0,HOUR_OF_DAY=0,MINUTE=0,SECOND=0,MILLISECOND=0,ZONE_OFFSET=43200000,DST_OFFSET=3600000]",3721.5,0.0,3721.5
Otago,2004.0,"java.util.GregorianCalendar[time=1072868400000,areFieldsSet=true,areAllFieldsSet=true,lenient=true,zone=sun.util.calendar.ZoneInfo[id=""Pacific/Auckland"",offset=43200000,dstSavings=3600000,useDaylight=true,transitions=156,lastRule=java.util.SimpleTimeZone[id=Pacific/Auckland,offset=43200000,dstSavings=3600000,useDaylight=true,startYear=0,startMode=2,startMonth=8,startDay=-1,startDayOfWeek=1,startTime=7200000,startTimeMode=1,endMode=3,endMonth=3,endDay=1,endDayOfWeek=1,endTime=7200000,endTimeMode=1]],firstDayOfWeek=1,minimalDaysInFirstWeek=1,ERA=1,YEAR=2004,MONTH=0,WEEK_OF_YEAR=1,WEEK_OF_MONTH=1,DAY_OF_MONTH=1,DAY_OF_YEAR=1,DAY_OF_WEEK=5,DAY_OF_WEEK_IN_MONTH=1,AM_PM=0,HOUR=0,HOUR_OF_DAY=0,MINUTE=0,SECOND=0,MILLISECOND=0,ZONE_OFFSET=43200000,DST_OFFSET=3600000]",58904.303,0.0,58904.303
Southland,2004.0,"java.util.GregorianCalendar[time=1072868400000,areFieldsSet=true,areAllFieldsSet=true,lenient=true,zone=sun.util.calendar.ZoneInfo[id=""Pacific/Auckland"",offset=43200000,dstSavings=3600000,useDaylight=true,transitions=156,lastRule=java.util.SimpleTimeZone[id=Pacific/Auckland,offset=43200000,dstSavings=3600000,useDaylight=true,startYear=0,startMode=2,startMonth=8,startDay=-1,startDayOfWeek=1,startTime=7200000,startTimeMode=1,endMode=3,endMonth=3,endDay=1,endDayOfWeek=1,endTime=7200000,endTimeMode=1]],firstDayOfWeek=1,minimalDaysInFirstWeek=1,ERA=1,YEAR=2004,MONTH=0,WEEK_OF_YEAR=1,WEEK_OF_MONTH=1,DAY_OF_MONTH=1,DAY_OF_YEAR=1,DAY_OF_WEEK=5,DAY_OF_WEEK_IN_MONTH=1,AM_PM=0,HOUR=0,HOUR_OF_DAY=0,MINUTE=0,SECOND=0,MILLISECOND=0,ZONE_OFFSET=43200000,DST_OFFSET=3600000]",394987.522,17286.0,412273.522
South Island,2004.0,"java.util.GregorianCalendar[time=1072868400000,areFieldsSet=true,areAllFieldsSet=true,lenient=true,zone=sun.util.calendar.ZoneInfo[id=""Pacific/Auckland"",offset=43200000,dstSavings=3600000,useDaylight=true,transitions=156,lastRule=java.util.SimpleTimeZone[id=Pacific/Auckland,offset=43200000,dstSavings=3600000,useDaylight=true,startYear=0,startMode=2,startMonth=8,startDay=-1,startDayOfWeek=1,startTime=7200000,startTimeMode=1,endMode=3,endMonth=3,endDay=1,endDayOfWeek=1,endTime=7200000,endTimeMode=1]],firstDayOfWeek=1,minimalDaysInFirstWeek=1,ERA=1,YEAR=2004,MONTH=0,WEEK_OF_YEAR=1,WEEK_OF_MONTH=1,DAY_OF_MONTH=1,DAY_OF_YEAR=1,DAY_OF_WEEK=5,DAY_OF_WEEK_IN_MONTH=1,AM_PM=0,HOUR=0,HOUR_OF_DAY=0,MINUTE=0,SECOND=0,MILLISECOND=0,ZONE_OFFSET=43200000,DST_OFFSET=3600000]",2816825.545,284861.74,3101687.2849999997
New Zealand,2004.0,"java.util.GregorianCalendar[time=1072868400000,areFieldsSet=true,areAllFieldsSet=true,lenient=true,zone=sun.util.calendar.ZoneInfo[id=""Pacific/Auckland"",offset=43200000,dstSavings=3600000,useDaylight=true,transitions=156,lastRule=java.util.SimpleTimeZone[id=Pacific/Auckland,offset=43200000,dstSavings=3600000,useDaylight=true,startYear=0,startMode=2,startMonth=8,startDay=-1,startDayOfWeek=1,startTime=7200000,startTimeMode=1,endMode=3,endMonth=3,endDay=1,endDayOfWeek=1,endTime=7200000,endTimeMode=1]],firstDayOfWeek=1,minimalDaysInFirstWeek=1,ERA=1,YEAR=2004,MONTH=0,WEEK_OF_YEAR=1,WEEK_OF_MONTH=1,DAY_OF_MONTH=1,DAY_OF_YEAR=1,DAY_OF_WEEK=5,DAY_OF_WEEK_IN_MONTH=1,AM_PM=0,HOUR=0,HOUR_OF_DAY=0,MINUTE=0,SECOND=0,MILLISECOND=0,ZONE_OFFSET=43200000,DST_OFFSET=3600000]",4428564.3149999995,726829.74,5155394.055
Waikato,2003.0,"java.util.GregorianCalendar[time=1041332400000,areFieldsSet=true,areAllFieldsSet=true,lenient=true,zone=sun.util.calendar.ZoneInfo[id=""Pacific/Auckland"",offset=43200000,dstSavings=3600000,useDaylight=true,transitions=156,lastRule=java.util.SimpleTimeZone[id=Pacific/Auckland,offset=43200000,dstSavings=3600000,useDaylight=true,startYear=0,startMode=2,startMonth=8,startDay=-1,startDayOfWeek=1,startTime=7200000,startTimeMode=1,endMode=3,endMonth=3,endDay=1,endDayOfWeek=1,endTime=7200000,endTimeMode=1]],firstDayOfWeek=1,minimalDaysInFirstWeek=1,ERA=1,YEAR=2003,MONTH=0,WEEK_OF_YEAR=1,WEEK_OF_MONTH=1,DAY_OF_MONTH=1,DAY_OF_YEAR=1,DAY_OF_WEEK=4,DAY_OF_WEEK_IN_MONTH=1,AM_PM=0,HOUR=0,HOUR_OF_DAY=0,MINUTE=0,SECOND=0,MILLISECOND=0,ZONE_OFFSET=43200000,DST_OFFSET=3600000]",1825204.0,474966.0,2300170.0
North Island,2003.0,"java.util.GregorianCalendar[time=1041332400000,areFieldsSet=true,areAllFieldsSet=true,lenient=true,zone=sun.util.calendar.ZoneInfo[id=""Pacific/Auckland"",offset=43200000,dstSavings=3600000,useDaylight=true,transitions=156,lastRule=java.util.SimpleTimeZone[id=Pacific/Auckland,offset=43200000,dstSavings=3600000,useDaylight=true,startYear=0,startMode=2,startMonth=8,startDay=-1,startDayOfWeek=1,startTime=7200000,startTimeMode=1,endMode=3,endMonth=3,endDay=1,endDayOfWeek=1,endTime=7200000,endTimeMode=1]],firstDayOfWeek=1,minimalDaysInFirstWeek=1,ERA=1,YEAR=2003,MONTH=0,WEEK_OF_YEAR=1,WEEK_OF_MONTH=1,DAY_OF_MONTH=1,DAY_OF_YEAR=1,DAY_OF_WEEK=4,DAY_OF_WEEK_IN_MONTH=1,AM_PM=0,HOUR=0,HOUR_OF_DAY=0,MINUTE=0,SECOND=0,MILLISECOND=0,ZONE_OFFSET=43200000,DST_OFFSET=3600000]",1825204.0,474966.0,2300170.0
West Coast,2003.0,"java.util.GregorianCalendar[time=1041332400000,areFieldsSet=true,areAllFieldsSet=true,lenient=true,zone=sun.util.calendar.ZoneInfo[id=""Pacific/Auckland"",offset=43200000,dstSavings=3600000,useDaylight=true,transitions=156,lastRule=java.util.SimpleTimeZone[id=Pacific/Auckland,offset=43200000,dstSavings=3600000,useDaylight=true,startYear=0,startMode=2,startMonth=8,startDay=-1,startDayOfWeek=1,startTime=7200000,startTimeMode=1,endMode=3,endMonth=3,endDay=1,endDayOfWeek=1,endTime=7200000,endTimeMode=1]],firstDayOfWeek=1,minimalDaysInFirstWeek=1,ERA=1,YEAR=2003,MONTH=0,WEEK_OF_YEAR=1,WEEK_OF_MONTH=1,DAY_OF_MONTH=1,DAY_OF_YEAR=1,DAY_OF_WEEK=4,DAY_OF_WEEK_IN_MONTH=1,AM_PM=0,HOUR=0,HOUR_OF_DAY=0,MINUTE=0,SECOND=0,MILLISECOND=0,ZONE_OFFSET=43200000,DST_OFFSET=3600000]",2188142.0,264665.0,2452807.0
Canterbury,2003.0,"java.util.GregorianCalendar[time=1041332400000,areFieldsSet=true,areAllFieldsSet=true,lenient=true,zone=sun.util.calendar.ZoneInfo[id=""Pacific/Auckland"",offset=43200000,dstSavings=3600000,useDaylight=true,transitions=156,lastRule=java.util.SimpleTimeZone[id=Pacific/Auckland,offset=43200000,dstSavings=3600000,useDaylight=true,startYear=0,startMode=2,startMonth=8,startDay=-1,startDayOfWeek=1,startTime=7200000,startTimeMode=1,endMode=3,endMonth=3,endDay=1,endDayOfWeek=1,endTime=7200000,endTimeMode=1]],firstDayOfWeek=1,minimalDaysInFirstWeek=1,ERA=1,YEAR=2003,MONTH=0,WEEK_OF_YEAR=1,WEEK_OF_MONTH=1,DAY_OF_MONTH=1,DAY_OF_YEAR=1,DAY_OF_WEEK=4,DAY_OF_WEEK_IN_MONTH=1,AM_PM=0,HOUR=0,HOUR_OF_DAY=0,MINUTE=0,SECOND=0,MILLISECOND=0,ZONE_OFFSET=43200000,DST_OFFSET=3600000]",984.0,0.0,984.0
Otago,2003.0,"java.util.GregorianCalendar[time=1041332400000,areFieldsSet=true,areAllFieldsSet=true,lenient=true,zone=sun.util.calendar.ZoneInfo[id=""Pacific/Auckland"",offset=43200000,dstSavings=3600000,useDaylight=true,transitions=156,lastRule=java.util.SimpleTimeZone[id=Pacific/Auckland,offset=43200000,dstSavings=3600000,useDaylight=true,startYear=0,startMode=2,startMonth=8,startDay=-1,startDayOfWeek=1,startTime=7200000,startTimeMode=1,endMode=3,endMonth=3,endDay=1,endDayOfWeek=1,endTime=7200000,endTimeMode=1]],firstDayOfWeek=1,minimalDaysInFirstWeek=1,ERA=1,YEAR=2003,MONTH=0,WEEK_OF_YEAR=1,WEEK_OF_MONTH=1,DAY_OF_MONTH=1,DAY_OF_YEAR=1,DAY_OF_WEEK=4,DAY_OF_WEEK_IN_MONTH=1,AM_PM=0,HOUR=0,HOUR_OF_DAY=0,MINUTE=0,SECOND=0,MILLISECOND=0,ZONE_OFFSET=43200000,DST_OFFSET=3600000]",48454.0,0.0,48454.0
Southland,2003.0,"java.util.GregorianCalendar[time=1041332400000,areFieldsSet=true,areAllFieldsSet=true,lenient=true,zone=sun.util.calendar.ZoneInfo[id=""Pacific/Auckland"",offset=43200000,dstSavings=3600000,useDaylight=true,transitions=156,lastRule=java.util.SimpleTimeZone[id=Pacific/Auckland,offset=43200000,dstSavings=3600000,useDaylight=true,startYear=0,startMode=2,startMonth=8,startDay=-1,startDayOfWeek=1,startTime=7200000,startTimeMode=1,endMode=3,endMonth=3,endDay=1,endDayOfWeek=1,endTime=7200000,endTimeMode=1]],firstDayOfWeek=1,minimalDaysInFirstWeek=1,ERA=1,YEAR=2003,MONTH=0,WEEK_OF_YEAR=1,WEEK_OF_MONTH=1,DAY_OF_MONTH=1,DAY_OF_YEAR=1,DAY_OF_WEEK=4,DAY_OF_WEEK_IN_MONTH=1,AM_PM=0,HOUR=0,HOUR_OF_DAY=0,MINUTE=0,SECOND=0,MILLISECOND=0,ZONE_OFFSET=43200000,DST_OFFSET=3600000]",304302.0,73195.0,377497.0
South Island,2003.0,"java.util.GregorianCalendar[time=1041332400000,areFieldsSet=true,areAllFieldsSet=true,lenient=true,zone=sun.util.calendar.ZoneInfo[id=""Pacific/Auckland"",offset=43200000,dstSavings=3600000,useDaylight=true,transitions=156,lastRule=java.util.SimpleTimeZone[id=Pacific/Auckland,offset=43200000,dstSavings=3600000,useDaylight=true,startYear=0,startMode=2,startMonth=8,startDay=-1,startDayOfWeek=1,startTime=7200000,startTimeMode=1,endMode=3,endMonth=3,endDay=1,endDayOfWeek=1,endTime=7200000,endTimeMode=1]],firstDayOfWeek=1,minimalDaysInFirstWeek=1,ERA=1,YEAR=2003,MONTH=0,WEEK_OF_YEAR=1,WEEK_OF_MONTH=1,DAY_OF_MONTH=1,DAY_OF_YEAR=1,DAY_OF_WEEK=4,DAY_OF_WEEK_IN_MONTH=1,AM_PM=0,HOUR=0,HOUR_OF_DAY=0,MINUTE=0,SECOND=0,MILLISECOND=0,ZONE_OFFSET=43200000,DST_OFFSET=3600000]",2541882.0,337860.0,2879742.0
New Zealand,2003.0,"java.util.GregorianCalendar[time=1041332400000,areFieldsSet=true,areAllFieldsSet=true,lenient=true,zone=sun.util.calendar.ZoneInfo[id=""Pacific/Auckland"",offset=43200000,dstSavings=3600000,useDaylight=true,transitions=156,lastRule=java.util.SimpleTimeZone[id=Pacific/Auckland,offset=43200000,dstSavings=3600000,useDaylight=true,startYear=0,startMode=2,startMonth=8,startDay=-1,startDayOfWeek=1,startTime=7200000,startTimeMode=1,endMode=3,endMonth=3,endDay=1,endDayOfWeek=1,endTime=7200000,endTimeMode=1]],firstDayOfWeek=1,minimalDaysInFirstWeek=1,ERA=1,YEAR=2003,MONTH=0,WEEK_OF_YEAR=1,WEEK_OF_MONTH=1,DAY_OF_MONTH=1,DAY_OF_YEAR=1,DAY_OF_WEEK=4,DAY_OF_WEEK_IN_MONTH=1,AM_PM=0,HOUR=0,HOUR_OF_DAY=0,MINUTE=0,SECOND=0,MILLISECOND=0,ZONE_OFFSET=43200000,DST_OFFSET=3600000]",4367086.0,812826.0,5179912.0
Waikato,2002.0,"java.util.GregorianCalendar[time=1009796400000,areFieldsSet=true,areAllFieldsSet=true,lenient=true,zone=sun.util.calendar.ZoneInfo[id=""Pacific/Auckland"",offset=43200000,dstSavings=3600000,useDaylight=true,transitions=156,lastRule=java.util.SimpleTimeZone[id=Pacific/Auckland,offset=43200000,dstSavings=3600000,useDaylight=true,startYear=0,startMode=2,startMonth=8,startDay=-1,startDayOfWeek=1,startTime=7200000,startTimeMode=1,endMode=3,endMonth=3,endDay=1,endDayOfWeek=1,endTime=7200000,endTimeMode=1]],firstDayOfWeek=1,minimalDaysInFirstWeek=1,ERA=1,YEAR=2002,MONTH=0,WEEK_OF_YEAR=1,WEEK_OF_MONTH=1,DAY_OF_MONTH=1,DAY_OF_YEAR=1,DAY_OF_WEEK=3,DAY_OF_WEEK_IN_MONTH=1,AM_PM=0,HOUR=0,HOUR_OF_DAY=0,MINUTE=0,SECOND=0,MILLISECOND=0,ZONE_OFFSET=43200000,DST_OFFSET=3600000]",1282835.0,392991.0,1675826.0
North Island,2002.0,"java.util.GregorianCalendar[time=1009796400000,areFieldsSet=true,areAllFieldsSet=true,lenient=true,zone=sun.util.calendar.ZoneInfo[id=""Pacific/Auckland"",offset=43200000,dstSavings=3600000,useDaylight=true,transitions=156,lastRule=java.util.SimpleTimeZone[id=Pacific/Auckland,offset=43200000,dstSavings=3600000,useDaylight=true,startYear=0,startMode=2,startMonth=8,startDay=-1,startDayOfWeek=1,startTime=7200000,startTimeMode=1,endMode=3,endMonth=3,endDay=1,endDayOfWeek=1,endTime=7200000,endTimeMode=1]],firstDayOfWeek=1,minimalDaysInFirstWeek=1,ERA=1,YEAR=2002,MONTH=0,WEEK_OF_YEAR=1,WEEK_OF_MONTH=1,DAY_OF_MONTH=1,DAY_OF_YEAR=1,DAY_OF_WEEK=3,DAY_OF_WEEK_IN_MONTH=1,AM_PM=0,HOUR=0,HOUR_OF_DAY=0,MINUTE=0,SECOND=0,MILLISECOND=0,ZONE_OFFSET=43200000,DST_OFFSET=3600000]",1282835.0,392991.0,1675826.0
West Coast,2002.0,"java.util.GregorianCalendar[time=1009796400000,areFieldsSet=true,areAllFieldsSet=true,lenient=true,zone=sun.util.calendar.ZoneInfo[id=""Pacific/Auckland"",offset=43200000,dstSavings=3600000,useDaylight=true,transitions=156,lastRule=java.util.SimpleTimeZone[id=Pacific/Auckland,offset=43200000,dstSavings=3600000,useDaylight=true,startYear=0,startMode=2,startMonth=8,startDay=-1,startDayOfWeek=1,startTime=7200000,startTimeMode=1,endMode=3,endMonth=3,endDay=1,endDayOfWeek=1,endTime=7200000,endTimeMode=1]],firstDayOfWeek=1,minimalDaysInFirstWeek=1,ERA=1,YEAR=2002,MONTH=0,WEEK_OF_YEAR=1,WEEK_OF_MONTH=1,DAY_OF_MONTH=1,DAY_OF_YEAR=1,DAY_OF_WEEK=3,DAY_OF_WEEK_IN_MONTH=1,AM_PM=0,HOUR=0,HOUR_OF_DAY=0,MINUTE=0,SECOND=0,MILLISECOND=0,ZONE_OFFSET=43200000,DST_OFFSET=3600000]",2003503.0,380442.0,2383945.0
Canterbury,2002.0,"java.util.GregorianCalendar[time=1009796400000,areFieldsSet=true,areAllFieldsSet=true,lenient=true,zone=sun.util.calendar.ZoneInfo[id=""Pacific/Auckland"",offset=43200000,dstSavings=3600000,useDaylight=true,transitions=156,lastRule=java.util.SimpleTimeZone[id=Pacific/Auckland,offset=43200000,dstSavings=3600000,useDaylight=true,startYear=0,startMode=2,startMonth=8,startDay=-1,startDayOfWeek=1,startTime=7200000,startTimeMode=1,endMode=3,endMonth=3,endDay=1,endDayOfWeek=1,endTime=7200000,endTimeMode=1]],firstDayOfWeek=1,minimalDaysInFirstWeek=1,ERA=1,YEAR=2002,MONTH=0,WEEK_OF_YEAR=1,WEEK_OF_MONTH=1,DAY_OF_MONTH=1,DAY_OF_YEAR=1,DAY_OF_WEEK=3,DAY_OF_WEEK_IN_MONTH=1,AM_PM=0,HOUR=0,HOUR_OF_DAY=0,MINUTE=0,SECOND=0,MILLISECOND=0,ZONE_OFFSET=43200000,DST_OFFSET=3600000]",155.0,0.0,155.0
Otago,2002.0,"java.util.GregorianCalendar[time=1009796400000,areFieldsSet=true,areAllFieldsSet=true,lenient=true,zone=sun.util.calendar.ZoneInfo[id=""Pacific/Auckland"",offset=43200000,dstSavings=3600000,useDaylight=true,transitions=156,lastRule=java.util.SimpleTimeZone[id=Pacific/Auckland,offset=43200000,dstSavings=3600000,useDaylight=true,startYear=0,startMode=2,startMonth=8,startDay=-1,startDayOfWeek=1,startTime=7200000,startTimeMode=1,endMode=3,endMonth=3,endDay=1,endDayOfWeek=1,endTime=7200000,endTimeMode=1]],firstDayOfWeek=1,minimalDaysInFirstWeek=1,ERA=1,YEAR=2002,MONTH=0,WEEK_OF_YEAR=1,WEEK_OF_MONTH=1,DAY_OF_MONTH=1,DAY_OF_YEAR=1,DAY_OF_WEEK=3,DAY_OF_WEEK_IN_MONTH=1,AM_PM=0,HOUR=0,HOUR_OF_DAY=0,MINUTE=0,SECOND=0,MILLISECOND=0,ZONE_OFFSET=43200000,DST_OFFSET=3600000]",49210.0,0.0,49210.0
Southland,2002.0,"java.util.GregorianCalendar[time=1009796400000,areFieldsSet=true,areAllFieldsSet=true,lenient=true,zone=sun.util.calendar.ZoneInfo[id=""Pacific/Auckland"",offset=43200000,dstSavings=3600000,useDaylight=true,transitions=156,lastRule=java.util.SimpleTimeZone[id=Pacific/Auckland,offset=43200000,dstSavings=3600000,useDaylight=true,startYear=0,startMode=2,startMonth=8,startDay=-1,startDayOfWeek=1,startTime=7200000,startTimeMode=1,endMode=3,endMonth=3,endDay=1,endDayOfWeek=1,endTime=7200000,endTimeMode=1]],firstDayOfWeek=1,minimalDaysInFirstWeek=1,ERA=1,YEAR=2002,MONTH=0,WEEK_OF_YEAR=1,WEEK_OF_MONTH=1,DAY_OF_MONTH=1,DAY_OF_YEAR=1,DAY_OF_WEEK=3,DAY_OF_WEEK_IN_MONTH=1,AM_PM=0,HOUR=0,HOUR_OF_DAY=0,MINUTE=0,SECOND=0,MILLISECOND=0,ZONE_OFFSET=43200000,DST_OFFSET=3600000]",218255.0,131548.0,349803.0
South Island,2002.0,"java.util.GregorianCalendar[time=1009796400000,areFieldsSet=true,areAllFieldsSet=true,lenient=true,zone=sun.util.calendar.ZoneInfo[id=""Pacific/Auckland"",offset=43200000,dstSavings=3600000,useDaylight=true,transitions=156,lastRule=java.util.SimpleTimeZone[id=Pacific/Auckland,offset=43200000,dstSavings=3600000,useDaylight=true,startYear=0,startMode=2,startMonth=8,startDay=-1,startDayOfWeek=1,startTime=7200000,startTimeMode=1,endMode=3,endMonth=3,endDay=1,endDayOfWeek=1,endTime=7200000,endTimeMode=1]],firstDayOfWeek=1,minimalDaysInFirstWeek=1,ERA=1,YEAR=2002,MONTH=0,WEEK_OF_YEAR=1,WEEK_OF_MONTH=1,DAY_OF_MONTH=1,DAY_OF_YEAR=1,DAY_OF_WEEK=3,DAY_OF_WEEK_IN_MONTH=1,AM_PM=0,HOUR=0,HOUR_OF_DAY=0,MINUTE=0,SECOND=0,MILLISECOND=0,ZONE_OFFSET=43200000,DST_OFFSET=3600000]",2271123.0,511990.0,2783113.0
New Zealand,2002.0,"java.util.GregorianCalendar[time=1009796400000,areFieldsSet=true,areAllFieldsSet=true,lenient=true,zone=sun.util.calendar.ZoneInfo[id=""Pacific/Auckland"",offset=43200000,dstSavings=3600000,useDaylight=true,transitions=156,lastRule=java.util.SimpleTimeZone[id=Pacific/Auckland,offset=43200000,dstSavings=3600000,useDaylight=true,startYear=0,startMode=2,startMonth=8,startDay=-1,startDayOfWeek=1,startTime=7200000,startTimeMode=1,endMode=3,endMonth=3,endDay=1,endDayOfWeek=1,endTime=7200000,endTimeMode=1]],firstDayOfWeek=1,minimalDaysInFirstWeek=1,ERA=1,YEAR=2002,MONTH=0,WEEK_OF_YEAR=1,WEEK_OF_MONTH=1,DAY_OF_MONTH=1,DAY_OF_YEAR=1,DAY_OF_WEEK=3,DAY_OF_WEEK_IN_MONTH=1,AM_PM=0,HOUR=0,HOUR_OF_DAY=0,MINUTE=0,SECOND=0,MILLISECOND=0,ZONE_OFFSET=43200000,DST_OFFSET=3600000]",3553958.0,904981.0,4458939.0
Waikato,2001.0,"java.util.GregorianCalendar[time=978260400000,areFieldsSet=true,areAllFieldsSet=true,lenient=true,zone=sun.util.calendar.ZoneInfo[id=""Pacific/Auckland"",offset=43200000,dstSavings=3600000,useDaylight=true,transitions=156,lastRule=java.util.SimpleTimeZone[id=Pacific/Auckland,offset=43200000,dstSavings=3600000,useDaylight=true,startYear=0,startMode=2,startMonth=8,startDay=-1,startDayOfWeek=1,startTime=7200000,startTimeMode=1,endMode=3,endMonth=3,endDay=1,endDayOfWeek=1,endTime=7200000,endTimeMode=1]],firstDayOfWeek=1,minimalDaysInFirstWeek=1,ERA=1,YEAR=2001,MONTH=0,WEEK_OF_YEAR=1,WEEK_OF_MONTH=1,DAY_OF_MONTH=1,DAY_OF_YEAR=1,DAY_OF_WEEK=2,DAY_OF_WEEK_IN_MONTH=1,AM_PM=0,HOUR=0,HOUR_OF_DAY=0,MINUTE=0,SECOND=0,MILLISECOND=0,ZONE_OFFSET=43200000,DST_OFFSET=3600000]",1214528.0,309277.0,1523805.0
North Island,2001.0,"java.util.GregorianCalendar[time=978260400000,areFieldsSet=true,areAllFieldsSet=true,lenient=true,zone=sun.util.calendar.ZoneInfo[id=""Pacific/Auckland"",offset=43200000,dstSavings=3600000,useDaylight=true,transitions=156,lastRule=java.util.SimpleTimeZone[id=Pacific/Auckland,offset=43200000,dstSavings=3600000,useDaylight=true,startYear=0,startMode=2,startMonth=8,startDay=-1,startDayOfWeek=1,startTime=7200000,startTimeMode=1,endMode=3,endMonth=3,endDay=1,endDayOfWeek=1,endTime=7200000,endTimeMode=1]],firstDayOfWeek=1,minimalDaysInFirstWeek=1,ERA=1,YEAR=2001,MONTH=0,WEEK_OF_YEAR=1,WEEK_OF_MONTH=1,DAY_OF_MONTH=1,DAY_OF_YEAR=1,DAY_OF_WEEK=2,DAY_OF_WEEK_IN_MONTH=1,AM_PM=0,HOUR=0,HOUR_OF_DAY=0,MINUTE=0,SECOND=0,MILLISECOND=0,ZONE_OFFSET=43200000,DST_OFFSET=3600000]",1214528.0,309277.0,1523805.0
West Coast,2001.0,"java.util.GregorianCalendar[time=978260400000,areFieldsSet=true,areAllFieldsSet=true,lenient=true,zone=sun.util.calendar.ZoneInfo[id=""Pacific/Auckland"",offset=43200000,dstSavings=3600000,useDaylight=true,transitions=156,lastRule=java.util.SimpleTimeZone[id=Pacific/Auckland,offset=43200000,dstSavings=3600000,useDaylight=true,startYear=0,startMode=2,startMonth=8,startDay=-1,startDayOfWeek=1,startTime=7200000,startTimeMode=1,endMode=3,endMonth=3,endDay=1,endDayOfWeek=1,endTime=7200000,endTimeMode=1]],firstDayOfWeek=1,minimalDaysInFirstWeek=1,ERA=1,YEAR=2001,MONTH=0,WEEK_OF_YEAR=1,WEEK_OF_MONTH=1,DAY_OF_MONTH=1,DAY_OF_YEAR=1,DAY_OF_WEEK=2,DAY_OF_WEEK_IN_MONTH=1,AM_PM=0,HOUR=0,HOUR_OF_DAY=0,MINUTE=0,SECOND=0,MILLISECOND=0,ZONE_OFFSET=43200000,DST_OFFSET=3600000]",1529859.0,456750.0,1986609.0
Canterbury,2001.0,"java.util.GregorianCalendar[time=978260400000,areFieldsSet=true,areAllFieldsSet=true,lenient=true,zone=sun.util.calendar.ZoneInfo[id=""Pacific/Auckland"",offset=43200000,dstSavings=3600000,useDaylight=true,transitions=156,lastRule=java.util.SimpleTimeZone[id=Pacific/Auckland,offset=43200000,dstSavings=3600000,useDaylight=true,startYear=0,startMode=2,startMonth=8,startDay=-1,startDayOfWeek=1,startTime=7200000,startTimeMode=1,endMode=3,endMonth=3,endDay=1,endDayOfWeek=1,endTime=7200000,endTimeMode=1]],firstDayOfWeek=1,minimalDaysInFirstWeek=1,ERA=1,YEAR=2001,MONTH=0,WEEK_OF_YEAR=1,WEEK_OF_MONTH=1,DAY_OF_MONTH=1,DAY_OF_YEAR=1,DAY_OF_WEEK=2,DAY_OF_WEEK_IN_MONTH=1,AM_PM=0,HOUR=0,HOUR_OF_DAY=0,MINUTE=0,SECOND=0,MILLISECOND=0,ZONE_OFFSET=43200000,DST_OFFSET=3600000]",289.0,0.0,289.0
Otago,2001.0,"java.util.GregorianCalendar[time=978260400000,areFieldsSet=true,areAllFieldsSet=true,lenient=true,zone=sun.util.calendar.ZoneInfo[id=""Pacific/Auckland"",offset=43200000,dstSavings=3600000,useDaylight=true,transitions=156,lastRule=java.util.SimpleTimeZone[id=Pacific/Auckland,offset=43200000,dstSavings=3600000,useDaylight=true,startYear=0,startMode=2,startMonth=8,startDay=-1,startDayOfWeek=1,startTime=7200000,startTimeMode=1,endMode=3,endMonth=3,endDay=1,endDayOfWeek=1,endTime=7200000,endTimeMode=1]],firstDayOfWeek=1,minimalDaysInFirstWeek=1,ERA=1,YEAR=2001,MONTH=0,WEEK_OF_YEAR=1,WEEK_OF_MONTH=1,DAY_OF_MONTH=1,DAY_OF_YEAR=1,DAY_OF_WEEK=2,DAY_OF_WEEK_IN_MONTH=1,AM_PM=0,HOUR=0,HOUR_OF_DAY=0,MINUTE=0,SECOND=0,MILLISECOND=0,ZONE_OFFSET=43200000,DST_OFFSET=3600000]",46724.0,0.0,46724.0
Southland,2001.0,"java.util.GregorianCalendar[time=978260400000,areFieldsSet=true,areAllFieldsSet=true,lenient=true,zone=sun.util.calendar.ZoneInfo[id=""Pacific/Auckland"",offset=43200000,dstSavings=3600000,useDaylight=true,transitions=156,lastRule=java.util.SimpleTimeZone[id=Pacific/Auckland,offset=43200000,dstSavings=3600000,useDaylight=true,startYear=0,startMode=2,startMonth=8,startDay=-1,startDayOfWeek=1,startTime=7200000,startTimeMode=1,endMode=3,endMonth=3,endDay=1,endDayOfWeek=1,endTime=7200000,endTimeMode=1]],firstDayOfWeek=1,minimalDaysInFirstWeek=1,ERA=1,YEAR=2001,MONTH=0,WEEK_OF_YEAR=1,WEEK_OF_MONTH=1,DAY_OF_MONTH=1,DAY_OF_YEAR=1,DAY_OF_WEEK=2,DAY_OF_WEEK_IN_MONTH=1,AM_PM=0,HOUR=0,HOUR_OF_DAY=0,MINUTE=0,SECOND=0,MILLISECOND=0,ZONE_OFFSET=43200000,DST_OFFSET=3600000]",204725.0,149244.0,353969.0
South Island,2001.0,"java.util.GregorianCalendar[time=978260400000,areFieldsSet=true,areAllFieldsSet=true,lenient=true,zone=sun.util.calendar.ZoneInfo[id=""Pacific/Auckland"",offset=43200000,dstSavings=3600000,useDaylight=true,transitions=156,lastRule=java.util.SimpleTimeZone[id=Pacific/Auckland,offset=43200000,dstSavings=3600000,useDaylight=true,startYear=0,startMode=2,startMonth=8,startDay=-1,startDayOfWeek=1,startTime=7200000,startTimeMode=1,endMode=3,endMonth=3,endDay=1,endDayOfWeek=1,endTime=7200000,endTimeMode=1]],firstDayOfWeek=1,minimalDaysInFirstWeek=1,ERA=1,YEAR=2001,MONTH=0,WEEK_OF_YEAR=1,WEEK_OF_MONTH=1,DAY_OF_MONTH=1,DAY_OF_YEAR=1,DAY_OF_WEEK=2,DAY_OF_WEEK_IN_MONTH=1,AM_PM=0,HOUR=0,HOUR_OF_DAY=0,MINUTE=0,SECOND=0,MILLISECOND=0,ZONE_OFFSET=43200000,DST_OFFSET=3600000]",1781597.0,605994.0,2387591.0
New Zealand,2001.0,"java.util.GregorianCalendar[time=978260400000,areFieldsSet=true,areAllFieldsSet=true,lenient=true,zone=sun.util.calendar.ZoneInfo[id=""Pacific/Auckland"",offset=43200000,dstSavings=3600000,useDaylight=true,transitions=156,lastRule=java.util.SimpleTimeZone[id=Pacific/Auckland,offset=43200000,dstSavings=3600000,useDaylight=true,startYear=0,startMode=2,startMonth=8,startDay=-1,startDayOfWeek=1,startTime=7200000,startTimeMode=1,endMode=3,endMonth=3,endDay=1,endDayOfWeek=1,endTime=7200000,endTimeMode=1]],firstDayOfWeek=1,minimalDaysInFirstWeek=1,ERA=1,YEAR=2001,MONTH=0,WEEK_OF_YEAR=1,WEEK_OF_MONTH=1,DAY_OF_MONTH=1,DAY_OF_YEAR=1,DAY_OF_WEEK=2,DAY_OF_WEEK_IN_MONTH=1,AM_PM=0,HOUR=0,HOUR_OF_DAY=0,MINUTE=0,SECOND=0,MILLISECOND=0,ZONE_OFFSET=43200000,DST_OFFSET=3600000]",2996125.0,915271.0,3911396.0
Waikato,2000.0,"java.util.GregorianCalendar[time=946638000000,areFieldsSet=true,areAllFieldsSet=true,lenient=true,zone=sun.util.calendar.ZoneInfo[id=""Pacific/Auckland"",offset=43200000,dstSavings=3600000,useDaylight=true,transitions=156,lastRule=java.util.SimpleTimeZone[id=Pacific/Auckland,offset=43200000,dstSavings=3600000,useDaylight=true,startYear=0,startMode=2,startMonth=8,startDay=-1,startDayOfWeek=1,startTime=7200000,startTimeMode=1,endMode=3,endMonth=3,endDay=1,endDayOfWeek=1,endTime=7200000,endTimeMode=1]],firstDayOfWeek=1,minimalDaysInFirstWeek=1,ERA=1,YEAR=2000,MONTH=0,WEEK_OF_YEAR=1,WEEK_OF_MONTH=1,DAY_OF_MONTH=1,DAY_OF_YEAR=1,DAY_OF_WEEK=7,DAY_OF_WEEK_IN_MONTH=1,AM_PM=0,HOUR=0,HOUR_OF_DAY=0,MINUTE=0,SECOND=0,MILLISECOND=0,ZONE_OFFSET=43200000,DST_OFFSET=3600000]",985965.0,320816.0,1306781.0
North Island,2000.0,"java.util.GregorianCalendar[time=946638000000,areFieldsSet=true,areAllFieldsSet=true,lenient=true,zone=sun.util.calendar.ZoneInfo[id=""Pacific/Auckland"",offset=43200000,dstSavings=3600000,useDaylight=true,transitions=156,lastRule=java.util.SimpleTimeZone[id=Pacific/Auckland,offset=43200000,dstSavings=3600000,useDaylight=true,startYear=0,startMode=2,startMonth=8,startDay=-1,startDayOfWeek=1,startTime=7200000,startTimeMode=1,endMode=3,endMonth=3,endDay=1,endDayOfWeek=1,endTime=7200000,endTimeMode=1]],firstDayOfWeek=1,minimalDaysInFirstWeek=1,ERA=1,YEAR=2000,MONTH=0,WEEK_OF_YEAR=1,WEEK_OF_MONTH=1,DAY_OF_MONTH=1,DAY_OF_YEAR=1,DAY_OF_WEEK=7,DAY_OF_WEEK_IN_MONTH=1,AM_PM=0,HOUR=0,HOUR_OF_DAY=0,MINUTE=0,SECOND=0,MILLISECOND=0,ZONE_OFFSET=43200000,DST_OFFSET=3600000]",985965.0,320816.0,1306781.0
West Coast,2000.0,"java.util.GregorianCalendar[time=946638000000,areFieldsSet=true,areAllFieldsSet=true,lenient=true,zone=sun.util.calendar.ZoneInfo[id=""Pacific/Auckland"",offset=43200000,dstSavings=3600000,useDaylight=true,transitions=156,lastRule=java.util.SimpleTimeZone[id=Pacific/Auckland,offset=43200000,dstSavings=3600000,useDaylight=true,startYear=0,startMode=2,startMonth=8,startDay=-1,startDayOfWeek=1,startTime=7200000,startTimeMode=1,endMode=3,endMonth=3,endDay=1,endDayOfWeek=1,endTime=7200000,endTimeMode=1]],firstDayOfWeek=1,minimalDaysInFirstWeek=1,ERA=1,YEAR=2000,MONTH=0,WEEK_OF_YEAR=1,WEEK_OF_MONTH=1,DAY_OF_MONTH=1,DAY_OF_YEAR=1,DAY_OF_WEEK=7,DAY_OF_WEEK_IN_MONTH=1,AM_PM=0,HOUR=0,HOUR_OF_DAY=0,MINUTE=0,SECOND=0,MILLISECOND=0,ZONE_OFFSET=43200000,DST_OFFSET=3600000]",1453947.0,421224.0,1875171.0
Canterbury,2000.0,"java.util.GregorianCalendar[time=946638000000,areFieldsSet=true,areAllFieldsSet=true,lenient=true,zone=sun.util.calendar.ZoneInfo[id=""Pacific/Auckland"",offset=43200000,dstSavings=3600000,useDaylight=true,transitions=156,lastRule=java.util.SimpleTimeZone[id=Pacific/Auckland,offset=43200000,dstSavings=3600000,useDaylight=true,startYear=0,startMode=2,startMonth=8,startDay=-1,startDayOfWeek=1,startTime=7200000,startTimeMode=1,endMode=3,endMonth=3,endDay=1,endDayOfWeek=1,endTime=7200000,endTimeMode=1]],firstDayOfWeek=1,minimalDaysInFirstWeek=1,ERA=1,YEAR=2000,MONTH=0,WEEK_OF_YEAR=1,WEEK_OF_MONTH=1,DAY_OF_MONTH=1,DAY_OF_YEAR=1,DAY_OF_WEEK=7,DAY_OF_WEEK_IN_MONTH=1,AM_PM=0,HOUR=0,HOUR_OF_DAY=0,MINUTE=0,SECOND=0,MILLISECOND=0,ZONE_OFFSET=43200000,DST_OFFSET=3600000]",669.0,0.0,669.0
Otago,2000.0,"java.util.GregorianCalendar[time=946638000000,areFieldsSet=true,areAllFieldsSet=true,lenient=true,zone=sun.util.calendar.ZoneInfo[id=""Pacific/Auckland"",offset=43200000,dstSavings=3600000,useDaylight=true,transitions=156,lastRule=java.util.SimpleTimeZone[id=Pacific/Auckland,offset=43200000,dstSavings=3600000,useDaylight=true,startYear=0,startMode=2,startMonth=8,startDay=-1,startDayOfWeek=1,startTime=7200000,startTimeMode=1,endMode=3,endMonth=3,endDay=1,endDayOfWeek=1,endTime=7200000,endTimeMode=1]],firstDayOfWeek=1,minimalDaysInFirstWeek=1,ERA=1,YEAR=2000,MONTH=0,WEEK_OF_YEAR=1,WEEK_OF_MONTH=1,DAY_OF_MONTH=1,DAY_OF_YEAR=1,DAY_OF_WEEK=7,DAY_OF_WEEK_IN_MONTH=1,AM_PM=0,HOUR=0,HOUR_OF_DAY=0,MINUTE=0,SECOND=0,MILLISECOND=0,ZONE_OFFSET=43200000,DST_OFFSET=3600000]",46475.0,0.0,46475.0
Southland,2000.0,"java.util.GregorianCalendar[time=946638000000,areFieldsSet=true,areAllFieldsSet=true,lenient=true,zone=sun.util.calendar.ZoneInfo[id=""Pacific/Auckland"",offset=43200000,dstSavings=3600000,useDaylight=true,transitions=156,lastRule=java.util.SimpleTimeZone[id=Pacific/Auckland,offset=43200000,dstSavings=3600000,useDaylight=true,startYear=0,startMode=2,startMonth=8,startDay=-1,startDayOfWeek=1,startTime=7200000,startTimeMode=1,endMode=3,endMonth=3,endDay=1,endDayOfWeek=1,endTime=7200000,endTimeMode=1]],firstDayOfWeek=1,minimalDaysInFirstWeek=1,ERA=1,YEAR=2000,MONTH=0,WEEK_OF_YEAR=1,WEEK_OF_MONTH=1,DAY_OF_MONTH=1,DAY_OF_YEAR=1,DAY_OF_WEEK=7,DAY_OF_WEEK_IN_MONTH=1,AM_PM=0,HOUR=0,HOUR_OF_DAY=0,MINUTE=0,SECOND=0,MILLISECOND=0,ZONE_OFFSET=43200000,DST_OFFSET=3600000]",214011.0,142528.0,356539.0
South Island,2000.0,"java.util.GregorianCalendar[time=946638000000,areFieldsSet=true,areAllFieldsSet=true,lenient=true,zone=sun.util.calendar.ZoneInfo[id=""Pacific/Auckland"",offset=43200000,dstSavings=3600000,useDaylight=true,transitions=156,lastRule=java.util.SimpleTimeZone[id=Pacific/Auckland,offset=43200000,dstSavings=3600000,useDaylight=true,startYear=0,startMode=2,startMonth=8,startDay=-1,startDayOfWeek=1,startTime=7200000,startTimeMode=1,endMode=3,endMonth=3,endDay=1,endDayOfWeek=1,endTime=7200000,endTimeMode=1]],firstDayOfWeek=1,minimalDaysInFirstWeek=1,ERA=1,YEAR=2000,MONTH=0,WEEK_OF_YEAR=1,WEEK_OF_MONTH=1,DAY_OF_MONTH=1,DAY_OF_YEAR=1,DAY_OF_WEEK=7,DAY_OF_WEEK_IN_MONTH=1,AM_PM=0,HOUR=0,HOUR_OF_DAY=0,MINUTE=0,SECOND=0,MILLISECOND=0,ZONE_OFFSET=43200000,DST_OFFSET=3600000]",1715102.0,563752.0,2278854.0
New Zealand,2000.0,"java.util.GregorianCalendar[time=946638000000,areFieldsSet=true,areAllFieldsSet=true,lenient=true,zone=sun.util.calendar.ZoneInfo[id=""Pacific/Auckland"",offset=43200000,dstSavings=3600000,useDaylight=true,transitions=156,lastRule=java.util.SimpleTimeZone[id=Pacific/Auckland,offset=43200000,dstSavings=3600000,useDaylight=true,startYear=0,startMode=2,startMonth=8,startDay=-1,startDayOfWeek=1,startTime=7200000,startTimeMode=1,endMode=3,endMonth=3,endDay=1,endDayOfWeek=1,endTime=7200000,endTimeMode=1]],firstDayOfWeek=1,minimalDaysInFirstWeek=1,ERA=1,YEAR=2000,MONTH=0,WEEK_OF_YEAR=1,WEEK_OF_MONTH=1,DAY_OF_MONTH=1,DAY_OF_YEAR=1,DAY_OF_WEEK=7,DAY_OF_WEEK_IN_MONTH=1,AM_PM=0,HOUR=0,HOUR_OF_DAY=0,MINUTE=0,SECOND=0,MILLISECOND=0,ZONE_OFFSET=43200000,DST_OFFSET=3600000]",2701067.0,884568.0,3585635.0
Waikato,1999.0,"java.util.GregorianCalendar[time=915102000000,areFieldsSet=true,areAllFieldsSet=true,lenient=true,zone=sun.util.calendar.ZoneInfo[id=""Pacific/Auckland"",offset=43200000,dstSavings=3600000,useDaylight=true,transitions=156,lastRule=java.util.SimpleTimeZone[id=Pacific/Auckland,offset=43200000,dstSavings=3600000,useDaylight=true,startYear=0,startMode=2,startMonth=8,startDay=-1,startDayOfWeek=1,startTime=7200000,startTimeMode=1,endMode=3,endMonth=3,endDay=1,endDayOfWeek=1,endTime=7200000,endTimeMode=1]],firstDayOfWeek=1,minimalDaysInFirstWeek=1,ERA=1,YEAR=1999,MONTH=0,WEEK_OF_YEAR=1,WEEK_OF_MONTH=1,DAY_OF_MONTH=1,DAY_OF_YEAR=1,DAY_OF_WEEK=6,DAY_OF_WEEK_IN_MONTH=1,AM_PM=0,HOUR=0,HOUR_OF_DAY=0,MINUTE=0,SECOND=0,MILLISECOND=0,ZONE_OFFSET=43200000,DST_OFFSET=3600000]",1081822.0,347432.0,1429254.0
North Island,1999.0,"java.util.GregorianCalendar[time=915102000000,areFieldsSet=true,areAllFieldsSet=true,lenient=true,zone=sun.util.calendar.ZoneInfo[id=""Pacific/Auckland"",offset=43200000,dstSavings=3600000,useDaylight=true,transitions=156,lastRule=java.util.SimpleTimeZone[id=Pacific/Auckland,offset=43200000,dstSavings=3600000,useDaylight=true,startYear=0,startMode=2,startMonth=8,startDay=-1,startDayOfWeek=1,startTime=7200000,startTimeMode=1,endMode=3,endMonth=3,endDay=1,endDayOfWeek=1,endTime=7200000,endTimeMode=1]],firstDayOfWeek=1,minimalDaysInFirstWeek=1,ERA=1,YEAR=1999,MONTH=0,WEEK_OF_YEAR=1,WEEK_OF_MONTH=1,DAY_OF_MONTH=1,DAY_OF_YEAR=1,DAY_OF_WEEK=6,DAY_OF_WEEK_IN_MONTH=1,AM_PM=0,HOUR=0,HOUR_OF_DAY=0,MINUTE=0,SECOND=0,MILLISECOND=0,ZONE_OFFSET=43200000,DST_OFFSET=3600000]",1081822.0,347432.0,1429254.0
West Coast,1999.0,"java.util.GregorianCalendar[time=915102000000,areFieldsSet=true,areAllFieldsSet=true,lenient=true,zone=sun.util.calendar.ZoneInfo[id=""Pacific/Auckland"",offset=43200000,dstSavings=3600000,useDaylight=true,transitions=156,lastRule=java.util.SimpleTimeZone[id=Pacific/Auckland,offset=43200000,dstSavings=3600000,useDaylight=true,startYear=0,startMode=2,startMonth=8,startDay=-1,startDayOfWeek=1,startTime=7200000,startTimeMode=1,endMode=3,endMonth=3,endDay=1,endDayOfWeek=1,endTime=7200000,endTimeMode=1]],firstDayOfWeek=1,minimalDaysInFirstWeek=1,ERA=1,YEAR=1999,MONTH=0,WEEK_OF_YEAR=1,WEEK_OF_MONTH=1,DAY_OF_MONTH=1,DAY_OF_YEAR=1,DAY_OF_WEEK=6,DAY_OF_WEEK_IN_MONTH=1,AM_PM=0,HOUR=0,HOUR_OF_DAY=0,MINUTE=0,SECOND=0,MILLISECOND=0,ZONE_OFFSET=43200000,DST_OFFSET=3600000]",1241821.0,443054.0,1684875.0
Canterbury,1999.0,"java.util.GregorianCalendar[time=915102000000,areFieldsSet=true,areAllFieldsSet=true,lenient=true,zone=sun.util.calendar.ZoneInfo[id=""Pacific/Auckland"",offset=43200000,dstSavings=3600000,useDaylight=true,transitions=156,lastRule=java.util.SimpleTimeZone[id=Pacific/Auckland,offset=43200000,dstSavings=3600000,useDaylight=true,startYear=0,startMode=2,startMonth=8,startDay=-1,startDayOfWeek=1,startTime=7200000,startTimeMode=1,endMode=3,endMonth=3,endDay=1,endDayOfWeek=1,endTime=7200000,endTimeMode=1]],firstDayOfWeek=1,minimalDaysInFirstWeek=1,ERA=1,YEAR=1999,MONTH=0,WEEK_OF_YEAR=1,WEEK_OF_MONTH=1,DAY_OF_MONTH=1,DAY_OF_YEAR=1,DAY_OF_WEEK=6,DAY_OF_WEEK_IN_MONTH=1,AM_PM=0,HOUR=0,HOUR_OF_DAY=0,MINUTE=0,SECOND=0,MILLISECOND=0,ZONE_OFFSET=43200000,DST_OFFSET=3600000]",902.0,0.0,902.0
Otago,1999.0,"java.util.GregorianCalendar[time=915102000000,areFieldsSet=true,areAllFieldsSet=true,lenient=true,zone=sun.util.calendar.ZoneInfo[id=""Pacific/Auckland"",offset=43200000,dstSavings=3600000,useDaylight=true,transitions=156,lastRule=java.util.SimpleTimeZone[id=Pacific/Auckland,offset=43200000,dstSavings=3600000,useDaylight=true,startYear=0,startMode=2,startMonth=8,startDay=-1,startDayOfWeek=1,startTime=7200000,startTimeMode=1,endMode=3,endMonth=3,endDay=1,endDayOfWeek=1,endTime=7200000,endTimeMode=1]],firstDayOfWeek=1,minimalDaysInFirstWeek=1,ERA=1,YEAR=1999,MONTH=0,WEEK_OF_YEAR=1,WEEK_OF_MONTH=1,DAY_OF_MONTH=1,DAY_OF_YEAR=1,DAY_OF_WEEK=6,DAY_OF_WEEK_IN_MONTH=1,AM_PM=0,HOUR=0,HOUR_OF_DAY=0,MINUTE=0,SECOND=0,MILLISECOND=0,ZONE_OFFSET=43200000,DST_OFFSET=3600000]",44920.0,0.0,44920.0
Southland,1999.0,"java.util.GregorianCalendar[time=915102000000,areFieldsSet=true,areAllFieldsSet=true,lenient=true,zone=sun.util.calendar.ZoneInfo[id=""Pacific/Auckland"",offset=43200000,dstSavings=3600000,useDaylight=true,transitions=156,lastRule=java.util.SimpleTimeZone[id=Pacific/Auckland,offset=43200000,dstSavings=3600000,useDaylight=true,startYear=0,startMode=2,startMonth=8,startDay=-1,startDayOfWeek=1,startTime=7200000,startTimeMode=1,endMode=3,endMonth=3,endDay=1,endDayOfWeek=1,endTime=7200000,endTimeMode=1]],firstDayOfWeek=1,minimalDaysInFirstWeek=1,ERA=1,YEAR=1999,MONTH=0,WEEK_OF_YEAR=1,WEEK_OF_MONTH=1,DAY_OF_MONTH=1,DAY_OF_YEAR=1,DAY_OF_WEEK=6,DAY_OF_WEEK_IN_MONTH=1,AM_PM=0,HOUR=0,HOUR_OF_DAY=0,MINUTE=0,SECOND=0,MILLISECOND=0,ZONE_OFFSET=43200000,DST_OFFSET=3600000]",215207.0,130572.0,345779.0
South Island,1999.0,"java.util.GregorianCalendar[time=915102000000,areFieldsSet=true,areAllFieldsSet=true,lenient=true,zone=sun.util.calendar.ZoneInfo[id=""Pacific/Auckland"",offset=43200000,dstSavings=3600000,useDaylight=true,transitions=156,lastRule=java.util.SimpleTimeZone[id=Pacific/Auckland,offset=43200000,dstSavings=3600000,useDaylight=true,startYear=0,startMode=2,startMonth=8,startDay=-1,startDayOfWeek=1,startTime=7200000,startTimeMode=1,endMode=3,endMonth=3,endDay=1,endDayOfWeek=1,endTime=7200000,endTimeMode=1]],firstDayOfWeek=1,minimalDaysInFirstWeek=1,ERA=1,YEAR=1999,MONTH=0,WEEK_OF_YEAR=1,WEEK_OF_MONTH=1,DAY_OF_MONTH=1,DAY_OF_YEAR=1,DAY_OF_WEEK=6,DAY_OF_WEEK_IN_MONTH=1,AM_PM=0,HOUR=0,HOUR_OF_DAY=0,MINUTE=0,SECOND=0,MILLISECOND=0,ZONE_OFFSET=43200000,DST_OFFSET=3600000]",1502850.0,573626.0,2076476.0
New Zealand,1999.0,"java.util.GregorianCalendar[time=915102000000,areFieldsSet=true,areAllFieldsSet=true,lenient=true,zone=sun.util.calendar.ZoneInfo[id=""Pacific/Auckland"",offset=43200000,dstSavings=3600000,useDaylight=true,transitions=156,lastRule=java.util.SimpleTimeZone[id=Pacific/Auckland,offset=43200000,dstSavings=3600000,useDaylight=true,startYear=0,startMode=2,startMonth=8,startDay=-1,startDayOfWeek=1,startTime=7200000,startTimeMode=1,endMode=3,endMonth=3,endDay=1,endDayOfWeek=1,endTime=7200000,endTimeMode=1]],firstDayOfWeek=1,minimalDaysInFirstWeek=1,ERA=1,YEAR=1999,MONTH=0,WEEK_OF_YEAR=1,WEEK_OF_MONTH=1,DAY_OF_MONTH=1,DAY_OF_YEAR=1,DAY_OF_WEEK=6,DAY_OF_WEEK_IN_MONTH=1,AM_PM=0,HOUR=0,HOUR_OF_DAY=0,MINUTE=0,SECOND=0,MILLISECOND=0,ZONE_OFFSET=43200000,DST_OFFSET=3600000]",2584672.0,921058.0,3505730.0
Waikato,1998.0,"java.util.GregorianCalendar[time=883566000000,areFieldsSet=true,areAllFieldsSet=true,lenient=true,zone=sun.util.calendar.ZoneInfo[id=""Pacific/Auckland"",offset=43200000,dstSavings=3600000,useDaylight=true,transitions=156,lastRule=java.util.SimpleTimeZone[id=Pacific/Auckland,offset=43200000,dstSavings=3600000,useDaylight=true,startYear=0,startMode=2,startMonth=8,startDay=-1,startDayOfWeek=1,startTime=7200000,startTimeMode=1,endMode=3,endMonth=3,endDay=1,endDayOfWeek=1,endTime=7200000,endTimeMode=1]],firstDayOfWeek=1,minimalDaysInFirstWeek=1,ERA=1,YEAR=1998,MONTH=0,WEEK_OF_YEAR=1,WEEK_OF_MONTH=1,DAY_OF_MONTH=1,DAY_OF_YEAR=1,DAY_OF_WEEK=5,DAY_OF_WEEK_IN_MONTH=1,AM_PM=0,HOUR=0,HOUR_OF_DAY=0,MINUTE=0,SECOND=0,MILLISECOND=0,ZONE_OFFSET=43200000,DST_OFFSET=3600000]",1117570.0,331080.0,1448650.0
North Island,1998.0,"java.util.GregorianCalendar[time=883566000000,areFieldsSet=true,areAllFieldsSet=true,lenient=true,zone=sun.util.calendar.ZoneInfo[id=""Pacific/Auckland"",offset=43200000,dstSavings=3600000,useDaylight=true,transitions=156,lastRule=java.util.SimpleTimeZone[id=Pacific/Auckland,offset=43200000,dstSavings=3600000,useDaylight=true,startYear=0,startMode=2,startMonth=8,startDay=-1,startDayOfWeek=1,startTime=7200000,startTimeMode=1,endMode=3,endMonth=3,endDay=1,endDayOfWeek=1,endTime=7200000,endTimeMode=1]],firstDayOfWeek=1,minimalDaysInFirstWeek=1,ERA=1,YEAR=1998,MONTH=0,WEEK_OF_YEAR=1,WEEK_OF_MONTH=1,DAY_OF_MONTH=1,DAY_OF_YEAR=1,DAY_OF_WEEK=5,DAY_OF_WEEK_IN_MONTH=1,AM_PM=0,HOUR=0,HOUR_OF_DAY=0,MINUTE=0,SECOND=0,MILLISECOND=0,ZONE_OFFSET=43200000,DST_OFFSET=3600000]",1117570.0,331080.0,1448650.0
West Coast,1998.0,"java.util.GregorianCalendar[time=883566000000,areFieldsSet=true,areAllFieldsSet=true,lenient=true,zone=sun.util.calendar.ZoneInfo[id=""Pacific/Auckland"",offset=43200000,dstSavings=3600000,useDaylight=true,transitions=156,lastRule=java.util.SimpleTimeZone[id=Pacific/Auckland,offset=43200000,dstSavings=3600000,useDaylight=true,startYear=0,startMode=2,startMonth=8,startDay=-1,startDayOfWeek=1,startTime=7200000,startTimeMode=1,endMode=3,endMonth=3,endDay=1,endDayOfWeek=1,endTime=7200000,endTimeMode=1]],firstDayOfWeek=1,minimalDaysInFirstWeek=1,ERA=1,YEAR=1998,MONTH=0,WEEK_OF_YEAR=1,WEEK_OF_MONTH=1,DAY_OF_MONTH=1,DAY_OF_YEAR=1,DAY_OF_WEEK=5,DAY_OF_WEEK_IN_MONTH=1,AM_PM=0,HOUR=0,HOUR_OF_DAY=0,MINUTE=0,SECOND=0,MILLISECOND=0,ZONE_OFFSET=43200000,DST_OFFSET=3600000]",1006250.0,437485.0,1443735.0
Canterbury,1998.0,"java.util.GregorianCalendar[time=883566000000,areFieldsSet=true,areAllFieldsSet=true,lenient=true,zone=sun.util.calendar.ZoneInfo[id=""Pacific/Auckland"",offset=43200000,dstSavings=3600000,useDaylight=true,transitions=156,lastRule=java.util.SimpleTimeZone[id=Pacific/Auckland,offset=43200000,dstSavings=3600000,useDaylight=true,startYear=0,startMode=2,startMonth=8,startDay=-1,startDayOfWeek=1,startTime=7200000,startTimeMode=1,endMode=3,endMonth=3,endDay=1,endDayOfWeek=1,endTime=7200000,endTimeMode=1]],firstDayOfWeek=1,minimalDaysInFirstWeek=1,ERA=1,YEAR=1998,MONTH=0,WEEK_OF_YEAR=1,WEEK_OF_MONTH=1,DAY_OF_MONTH=1,DAY_OF_YEAR=1,DAY_OF_WEEK=5,DAY_OF_WEEK_IN_MONTH=1,AM_PM=0,HOUR=0,HOUR_OF_DAY=0,MINUTE=0,SECOND=0,MILLISECOND=0,ZONE_OFFSET=43200000,DST_OFFSET=3600000]",1440.0,0.0,1440.0
Otago,1998.0,"java.util.GregorianCalendar[time=883566000000,areFieldsSet=true,areAllFieldsSet=true,lenient=true,zone=sun.util.calendar.ZoneInfo[id=""Pacific/Auckland"",offset=43200000,dstSavings=3600000,useDaylight=true,transitions=156,lastRule=java.util.SimpleTimeZone[id=Pacific/Auckland,offset=43200000,dstSavings=3600000,useDaylight=true,startYear=0,startMode=2,startMonth=8,startDay=-1,startDayOfWeek=1,startTime=7200000,startTimeMode=1,endMode=3,endMonth=3,endDay=1,endDayOfWeek=1,endTime=7200000,endTimeMode=1]],firstDayOfWeek=1,minimalDaysInFirstWeek=1,ERA=1,YEAR=1998,MONTH=0,WEEK_OF_YEAR=1,WEEK_OF_MONTH=1,DAY_OF_MONTH=1,DAY_OF_YEAR=1,DAY_OF_WEEK=5,DAY_OF_WEEK_IN_MONTH=1,AM_PM=0,HOUR=0,HOUR_OF_DAY=0,MINUTE=0,SECOND=0,MILLISECOND=0,ZONE_OFFSET=43200000,DST_OFFSET=3600000]",49530.0,0.0,49530.0
Southland,1998.0,"java.util.GregorianCalendar[time=883566000000,areFieldsSet=true,areAllFieldsSet=true,lenient=true,zone=sun.util.calendar.ZoneInfo[id=""Pacific/Auckland"",offset=43200000,dstSavings=3600000,useDaylight=true,transitions=156,lastRule=java.util.SimpleTimeZone[id=Pacific/Auckland,offset=43200000,dstSavings=3600000,useDaylight=true,startYear=0,startMode=2,startMonth=8,startDay=-1,startDayOfWeek=1,startTime=7200000,startTimeMode=1,endMode=3,endMonth=3,endDay=1,endDayOfWeek=1,endTime=7200000,endTimeMode=1]],firstDayOfWeek=1,minimalDaysInFirstWeek=1,ERA=1,YEAR=1998,MONTH=0,WEEK_OF_YEAR=1,WEEK_OF_MONTH=1,DAY_OF_MONTH=1,DAY_OF_YEAR=1,DAY_OF_WEEK=5,DAY_OF_WEEK_IN_MONTH=1,AM_PM=0,HOUR=0,HOUR_OF_DAY=0,MINUTE=0,SECOND=0,MILLISECOND=0,ZONE_OFFSET=43200000,DST_OFFSET=3600000]",214725.0,145800.0,360525.0
South Island,1998.0,"java.util.GregorianCalendar[time=883566000000,areFieldsSet=true,areAllFieldsSet=true,lenient=true,zone=sun.util.calendar.ZoneInfo[id=""Pacific/Auckland"",offset=43200000,dstSavings=3600000,useDaylight=true,transitions=156,lastRule=java.util.SimpleTimeZone[id=Pacific/Auckland,offset=43200000,dstSavings=3600000,useDaylight=true,startYear=0,startMode=2,startMonth=8,startDay=-1,startDayOfWeek=1,startTime=7200000,startTimeMode=1,endMode=3,endMonth=3,endDay=1,endDayOfWeek=1,endTime=7200000,endTimeMode=1]],firstDayOfWeek=1,minimalDaysInFirstWeek=1,ERA=1,YEAR=1998,MONTH=0,WEEK_OF_YEAR=1,WEEK_OF_MONTH=1,DAY_OF_MONTH=1,DAY_OF_YEAR=1,DAY_OF_WEEK=5,DAY_OF_WEEK_IN_MONTH=1,AM_PM=0,HOUR=0,HOUR_OF_DAY=0,MINUTE=0,SECOND=0,MILLISECOND=0,ZONE_OFFSET=43200000,DST_OFFSET=3600000]",1271945.0,583285.0,1855230.0
New Zealand,1998.0,"java.util.GregorianCalendar[time=883566000000,areFieldsSet=true,areAllFieldsSet=true,lenient=true,zone=sun.util.calendar.ZoneInfo[id=""Pacific/Auckland"",offset=43200000,dstSavings=3600000,useDaylight=true,transitions=156,lastRule=java.util.SimpleTimeZone[id=Pacific/Auckland,offset=43200000,dstSavings=3600000,useDaylight=true,startYear=0,startMode=2,startMonth=8,startDay=-1,startDayOfWeek=1,startTime=7200000,startTimeMode=1,endMode=3,endMonth=3,endDay=1,endDayOfWeek=1,endTime=7200000,endTimeMode=1]],firstDayOfWeek=1,minimalDaysInFirstWeek=1,ERA=1,YEAR=1998,MONTH=0,WEEK_OF_YEAR=1,WEEK_OF_MONTH=1,DAY_OF_MONTH=1,DAY_OF_YEAR=1,DAY_OF_WEEK=5,DAY_OF_WEEK_IN_MONTH=1,AM_PM=0,HOUR=0,HOUR_OF_DAY=0,MINUTE=0,SECOND=0,MILLISECOND=0,ZONE_OFFSET=43200000,DST_OFFSET=3600000]",2389515.0,914365.0,3303880.0
