Region,Year,Year (ISO),Bituminous,Sub Bituminous,Lignite,Total
Waikato,2009,"java.util.GregorianCalendar[time=1230721200000,areFieldsSet=true,areAllFieldsSet=true,lenient=true,zone=sun.util.calendar.ZoneInfo[id=""Pacific/Auckland"",offset=43200000,dstSavings=3600000,useDaylight=true,transitions=156,lastRule=java.util.SimpleTimeZone[id=Pacific/Auckland,offset=43200000,dstSavings=3600000,useDaylight=true,startYear=0,startMode=2,startMonth=8,startDay=-1,startDayOfWeek=1,startTime=7200000,startTimeMode=1,endMode=3,endMonth=3,endDay=1,endDayOfWeek=1,endTime=7200000,endTimeMode=1]],firstDayOfWeek=1,minimalDaysInFirstWeek=1,ERA=1,YEAR=2009,MONTH=0,WEEK_OF_YEAR=1,WEEK_OF_MONTH=1,DAY_OF_MONTH=1,DAY_OF_YEAR=1,DAY_OF_WEEK=5,DAY_OF_WEEK_IN_MONTH=1,AM_PM=0,HOUR=0,HOUR_OF_DAY=0,MINUTE=0,SECOND=0,MILLISECOND=0,ZONE_OFFSET=43200000,DST_OFFSET=3600000]",0.0,1746572.0,0.0,1746572.0
North Island,2009,"java.util.GregorianCalendar[time=1230721200000,areFieldsSet=true,areAllFieldsSet=true,lenient=true,zone=sun.util.calendar.ZoneInfo[id=""Pacific/Auckland"",offset=43200000,dstSavings=3600000,useDaylight=true,transitions=156,lastRule=java.util.SimpleTimeZone[id=Pacific/Auckland,offset=43200000,dstSavings=3600000,useDaylight=true,startYear=0,startMode=2,startMonth=8,startDay=-1,startDayOfWeek=1,startTime=7200000,startTimeMode=1,endMode=3,endMonth=3,endDay=1,endDayOfWeek=1,endTime=7200000,endTimeMode=1]],firstDayOfWeek=1,minimalDaysInFirstWeek=1,ERA=1,YEAR=2009,MONTH=0,WEEK_OF_YEAR=1,WEEK_OF_MONTH=1,DAY_OF_MONTH=1,DAY_OF_YEAR=1,DAY_OF_WEEK=5,DAY_OF_WEEK_IN_MONTH=1,AM_PM=0,HOUR=0,HOUR_OF_DAY=0,MINUTE=0,SECOND=0,MILLISECOND=0,ZONE_OFFSET=43200000,DST_OFFSET=3600000]",0.0,1746572.0,0.0,1746572.0
West Coast,2009,"java.util.GregorianCalendar[time=1230721200000,areFieldsSet=true,areAllFieldsSet=true,lenient=true,zone=sun.util.calendar.ZoneInfo[id=""Pacific/Auckland"",offset=43200000,dstSavings=3600000,useDaylight=true,transitions=156,lastRule=java.util.SimpleTimeZone[id=Pacific/Auckland,offset=43200000,dstSavings=3600000,useDaylight=true,startYear=0,startMode=2,startMonth=8,startDay=-1,startDayOfWeek=1,startTime=7200000,startTimeMode=1,endMode=3,endMonth=3,endDay=1,endDayOfWeek=1,endTime=7200000,endTimeMode=1]],firstDayOfWeek=1,minimalDaysInFirstWeek=1,ERA=1,YEAR=2009,MONTH=0,WEEK_OF_YEAR=1,WEEK_OF_MONTH=1,DAY_OF_MONTH=1,DAY_OF_YEAR=1,DAY_OF_WEEK=5,DAY_OF_WEEK_IN_MONTH=1,AM_PM=0,HOUR=0,HOUR_OF_DAY=0,MINUTE=0,SECOND=0,MILLISECOND=0,ZONE_OFFSET=43200000,DST_OFFSET=3600000]",2085486.0,151045.0,0.0,2236531.0
Canterbury,2009,"java.util.GregorianCalendar[time=1230721200000,areFieldsSet=true,areAllFieldsSet=true,lenient=true,zone=sun.util.calendar.ZoneInfo[id=""Pacific/Auckland"",offset=43200000,dstSavings=3600000,useDaylight=true,transitions=156,lastRule=java.util.SimpleTimeZone[id=Pacific/Auckland,offset=43200000,dstSavings=3600000,useDaylight=true,startYear=0,startMode=2,startMonth=8,startDay=-1,startDayOfWeek=1,startTime=7200000,startTimeMode=1,endMode=3,endMonth=3,endDay=1,endDayOfWeek=1,endTime=7200000,endTimeMode=1]],firstDayOfWeek=1,minimalDaysInFirstWeek=1,ERA=1,YEAR=2009,MONTH=0,WEEK_OF_YEAR=1,WEEK_OF_MONTH=1,DAY_OF_MONTH=1,DAY_OF_YEAR=1,DAY_OF_WEEK=5,DAY_OF_WEEK_IN_MONTH=1,AM_PM=0,HOUR=0,HOUR_OF_DAY=0,MINUTE=0,SECOND=0,MILLISECOND=0,ZONE_OFFSET=43200000,DST_OFFSET=3600000]",0.0,28976.0,0.0,28976.0
Otago,2009,"java.util.GregorianCalendar[time=1230721200000,areFieldsSet=true,areAllFieldsSet=true,lenient=true,zone=sun.util.calendar.ZoneInfo[id=""Pacific/Auckland"",offset=43200000,dstSavings=3600000,useDaylight=true,transitions=156,lastRule=java.util.SimpleTimeZone[id=Pacific/Auckland,offset=43200000,dstSavings=3600000,useDaylight=true,startYear=0,startMode=2,startMonth=8,startDay=-1,startDayOfWeek=1,startTime=7200000,startTimeMode=1,endMode=3,endMonth=3,endDay=1,endDayOfWeek=1,endTime=7200000,endTimeMode=1]],firstDayOfWeek=1,minimalDaysInFirstWeek=1,ERA=1,YEAR=2009,MONTH=0,WEEK_OF_YEAR=1,WEEK_OF_MONTH=1,DAY_OF_MONTH=1,DAY_OF_YEAR=1,DAY_OF_WEEK=5,DAY_OF_WEEK_IN_MONTH=1,AM_PM=0,HOUR=0,HOUR_OF_DAY=0,MINUTE=0,SECOND=0,MILLISECOND=0,ZONE_OFFSET=43200000,DST_OFFSET=3600000]",0.0,68889.0,2304.0,71193.0
Southland,2009,"java.util.GregorianCalendar[time=1230721200000,areFieldsSet=true,areAllFieldsSet=true,lenient=true,zone=sun.util.calendar.ZoneInfo[id=""Pacific/Auckland"",offset=43200000,dstSavings=3600000,useDaylight=true,transitions=156,lastRule=java.util.SimpleTimeZone[id=Pacific/Auckland,offset=43200000,dstSavings=3600000,useDaylight=true,startYear=0,startMode=2,startMonth=8,startDay=-1,startDayOfWeek=1,startTime=7200000,startTimeMode=1,endMode=3,endMonth=3,endDay=1,endDayOfWeek=1,endTime=7200000,endTimeMode=1]],firstDayOfWeek=1,minimalDaysInFirstWeek=1,ERA=1,YEAR=2009,MONTH=0,WEEK_OF_YEAR=1,WEEK_OF_MONTH=1,DAY_OF_MONTH=1,DAY_OF_YEAR=1,DAY_OF_WEEK=5,DAY_OF_WEEK_IN_MONTH=1,AM_PM=0,HOUR=0,HOUR_OF_DAY=0,MINUTE=0,SECOND=0,MILLISECOND=0,ZONE_OFFSET=43200000,DST_OFFSET=3600000]",0.0,222661.0,257400.0,480061.0
South Island,2009,"java.util.GregorianCalendar[time=1230721200000,areFieldsSet=true,areAllFieldsSet=true,lenient=true,zone=sun.util.calendar.ZoneInfo[id=""Pacific/Auckland"",offset=43200000,dstSavings=3600000,useDaylight=true,transitions=156,lastRule=java.util.SimpleTimeZone[id=Pacific/Auckland,offset=43200000,dstSavings=3600000,useDaylight=true,startYear=0,startMode=2,startMonth=8,startDay=-1,startDayOfWeek=1,startTime=7200000,startTimeMode=1,endMode=3,endMonth=3,endDay=1,endDayOfWeek=1,endTime=7200000,endTimeMode=1]],firstDayOfWeek=1,minimalDaysInFirstWeek=1,ERA=1,YEAR=2009,MONTH=0,WEEK_OF_YEAR=1,WEEK_OF_MONTH=1,DAY_OF_MONTH=1,DAY_OF_YEAR=1,DAY_OF_WEEK=5,DAY_OF_WEEK_IN_MONTH=1,AM_PM=0,HOUR=0,HOUR_OF_DAY=0,MINUTE=0,SECOND=0,MILLISECOND=0,ZONE_OFFSET=43200000,DST_OFFSET=3600000]",2085486.0,471571.0,259704.0,2816761.0
New Zealand,2009,"java.util.GregorianCalendar[time=1230721200000,areFieldsSet=true,areAllFieldsSet=true,lenient=true,zone=sun.util.calendar.ZoneInfo[id=""Pacific/Auckland"",offset=43200000,dstSavings=3600000,useDaylight=true,transitions=156,lastRule=java.util.SimpleTimeZone[id=Pacific/Auckland,offset=43200000,dstSavings=3600000,useDaylight=true,startYear=0,startMode=2,startMonth=8,startDay=-1,startDayOfWeek=1,startTime=7200000,startTimeMode=1,endMode=3,endMonth=3,endDay=1,endDayOfWeek=1,endTime=7200000,endTimeMode=1]],firstDayOfWeek=1,minimalDaysInFirstWeek=1,ERA=1,YEAR=2009,MONTH=0,WEEK_OF_YEAR=1,WEEK_OF_MONTH=1,DAY_OF_MONTH=1,DAY_OF_YEAR=1,DAY_OF_WEEK=5,DAY_OF_WEEK_IN_MONTH=1,AM_PM=0,HOUR=0,HOUR_OF_DAY=0,MINUTE=0,SECOND=0,MILLISECOND=0,ZONE_OFFSET=43200000,DST_OFFSET=3600000]",2085486.0,2218143.0,259704.0,4563333.0
Waikato,2008,"java.util.GregorianCalendar[time=1199098800000,areFieldsSet=true,areAllFieldsSet=true,lenient=true,zone=sun.util.calendar.ZoneInfo[id=""Pacific/Auckland"",offset=43200000,dstSavings=3600000,useDaylight=true,transitions=156,lastRule=java.util.SimpleTimeZone[id=Pacific/Auckland,offset=43200000,dstSavings=3600000,useDaylight=true,startYear=0,startMode=2,startMonth=8,startDay=-1,startDayOfWeek=1,startTime=7200000,startTimeMode=1,endMode=3,endMonth=3,endDay=1,endDayOfWeek=1,endTime=7200000,endTimeMode=1]],firstDayOfWeek=1,minimalDaysInFirstWeek=1,ERA=1,YEAR=2008,MONTH=0,WEEK_OF_YEAR=1,WEEK_OF_MONTH=1,DAY_OF_MONTH=1,DAY_OF_YEAR=1,DAY_OF_WEEK=3,DAY_OF_WEEK_IN_MONTH=1,AM_PM=0,HOUR=0,HOUR_OF_DAY=0,MINUTE=0,SECOND=0,MILLISECOND=0,ZONE_OFFSET=43200000,DST_OFFSET=3600000]",0.0,1769386.0,0.0,1769386.0
North Island,2008,"java.util.GregorianCalendar[time=1199098800000,areFieldsSet=true,areAllFieldsSet=true,lenient=true,zone=sun.util.calendar.ZoneInfo[id=""Pacific/Auckland"",offset=43200000,dstSavings=3600000,useDaylight=true,transitions=156,lastRule=java.util.SimpleTimeZone[id=Pacific/Auckland,offset=43200000,dstSavings=3600000,useDaylight=true,startYear=0,startMode=2,startMonth=8,startDay=-1,startDayOfWeek=1,startTime=7200000,startTimeMode=1,endMode=3,endMonth=3,endDay=1,endDayOfWeek=1,endTime=7200000,endTimeMode=1]],firstDayOfWeek=1,minimalDaysInFirstWeek=1,ERA=1,YEAR=2008,MONTH=0,WEEK_OF_YEAR=1,WEEK_OF_MONTH=1,DAY_OF_MONTH=1,DAY_OF_YEAR=1,DAY_OF_WEEK=3,DAY_OF_WEEK_IN_MONTH=1,AM_PM=0,HOUR=0,HOUR_OF_DAY=0,MINUTE=0,SECOND=0,MILLISECOND=0,ZONE_OFFSET=43200000,DST_OFFSET=3600000]",0.0,1769386.0,0.0,1769386.0
West Coast,2008,"java.util.GregorianCalendar[time=1199098800000,areFieldsSet=true,areAllFieldsSet=true,lenient=true,zone=sun.util.calendar.ZoneInfo[id=""Pacific/Auckland"",offset=43200000,dstSavings=3600000,useDaylight=true,transitions=156,lastRule=java.util.SimpleTimeZone[id=Pacific/Auckland,offset=43200000,dstSavings=3600000,useDaylight=true,startYear=0,startMode=2,startMonth=8,startDay=-1,startDayOfWeek=1,startTime=7200000,startTimeMode=1,endMode=3,endMonth=3,endDay=1,endDayOfWeek=1,endTime=7200000,endTimeMode=1]],firstDayOfWeek=1,minimalDaysInFirstWeek=1,ERA=1,YEAR=2008,MONTH=0,WEEK_OF_YEAR=1,WEEK_OF_MONTH=1,DAY_OF_MONTH=1,DAY_OF_YEAR=1,DAY_OF_WEEK=3,DAY_OF_WEEK_IN_MONTH=1,AM_PM=0,HOUR=0,HOUR_OF_DAY=0,MINUTE=0,SECOND=0,MILLISECOND=0,ZONE_OFFSET=43200000,DST_OFFSET=3600000]",2476848.0,134658.0,0.0,2611506.0
Canterbury,2008,"java.util.GregorianCalendar[time=1199098800000,areFieldsSet=true,areAllFieldsSet=true,lenient=true,zone=sun.util.calendar.ZoneInfo[id=""Pacific/Auckland"",offset=43200000,dstSavings=3600000,useDaylight=true,transitions=156,lastRule=java.util.SimpleTimeZone[id=Pacific/Auckland,offset=43200000,dstSavings=3600000,useDaylight=true,startYear=0,startMode=2,startMonth=8,startDay=-1,startDayOfWeek=1,startTime=7200000,startTimeMode=1,endMode=3,endMonth=3,endDay=1,endDayOfWeek=1,endTime=7200000,endTimeMode=1]],firstDayOfWeek=1,minimalDaysInFirstWeek=1,ERA=1,YEAR=2008,MONTH=0,WEEK_OF_YEAR=1,WEEK_OF_MONTH=1,DAY_OF_MONTH=1,DAY_OF_YEAR=1,DAY_OF_WEEK=3,DAY_OF_WEEK_IN_MONTH=1,AM_PM=0,HOUR=0,HOUR_OF_DAY=0,MINUTE=0,SECOND=0,MILLISECOND=0,ZONE_OFFSET=43200000,DST_OFFSET=3600000]",0.0,18797.0,0.0,18797.0
Otago,2008,"java.util.GregorianCalendar[time=1199098800000,areFieldsSet=true,areAllFieldsSet=true,lenient=true,zone=sun.util.calendar.ZoneInfo[id=""Pacific/Auckland"",offset=43200000,dstSavings=3600000,useDaylight=true,transitions=156,lastRule=java.util.SimpleTimeZone[id=Pacific/Auckland,offset=43200000,dstSavings=3600000,useDaylight=true,startYear=0,startMode=2,startMonth=8,startDay=-1,startDayOfWeek=1,startTime=7200000,startTimeMode=1,endMode=3,endMonth=3,endDay=1,endDayOfWeek=1,endTime=7200000,endTimeMode=1]],firstDayOfWeek=1,minimalDaysInFirstWeek=1,ERA=1,YEAR=2008,MONTH=0,WEEK_OF_YEAR=1,WEEK_OF_MONTH=1,DAY_OF_MONTH=1,DAY_OF_YEAR=1,DAY_OF_WEEK=3,DAY_OF_WEEK_IN_MONTH=1,AM_PM=0,HOUR=0,HOUR_OF_DAY=0,MINUTE=0,SECOND=0,MILLISECOND=0,ZONE_OFFSET=43200000,DST_OFFSET=3600000]",0.0,61349.0,1351.0,62700.0
Southland,2008,"java.util.GregorianCalendar[time=1199098800000,areFieldsSet=true,areAllFieldsSet=true,lenient=true,zone=sun.util.calendar.ZoneInfo[id=""Pacific/Auckland"",offset=43200000,dstSavings=3600000,useDaylight=true,transitions=156,lastRule=java.util.SimpleTimeZone[id=Pacific/Auckland,offset=43200000,dstSavings=3600000,useDaylight=true,startYear=0,startMode=2,startMonth=8,startDay=-1,startDayOfWeek=1,startTime=7200000,startTimeMode=1,endMode=3,endMonth=3,endDay=1,endDayOfWeek=1,endTime=7200000,endTimeMode=1]],firstDayOfWeek=1,minimalDaysInFirstWeek=1,ERA=1,YEAR=2008,MONTH=0,WEEK_OF_YEAR=1,WEEK_OF_MONTH=1,DAY_OF_MONTH=1,DAY_OF_YEAR=1,DAY_OF_WEEK=3,DAY_OF_WEEK_IN_MONTH=1,AM_PM=0,HOUR=0,HOUR_OF_DAY=0,MINUTE=0,SECOND=0,MILLISECOND=0,ZONE_OFFSET=43200000,DST_OFFSET=3600000]",0.0,194891.0,252141.0,447032.0
South Island,2008,"java.util.GregorianCalendar[time=1199098800000,areFieldsSet=true,areAllFieldsSet=true,lenient=true,zone=sun.util.calendar.ZoneInfo[id=""Pacific/Auckland"",offset=43200000,dstSavings=3600000,useDaylight=true,transitions=156,lastRule=java.util.SimpleTimeZone[id=Pacific/Auckland,offset=43200000,dstSavings=3600000,useDaylight=true,startYear=0,startMode=2,startMonth=8,startDay=-1,startDayOfWeek=1,startTime=7200000,startTimeMode=1,endMode=3,endMonth=3,endDay=1,endDayOfWeek=1,endTime=7200000,endTimeMode=1]],firstDayOfWeek=1,minimalDaysInFirstWeek=1,ERA=1,YEAR=2008,MONTH=0,WEEK_OF_YEAR=1,WEEK_OF_MONTH=1,DAY_OF_MONTH=1,DAY_OF_YEAR=1,DAY_OF_WEEK=3,DAY_OF_WEEK_IN_MONTH=1,AM_PM=0,HOUR=0,HOUR_OF_DAY=0,MINUTE=0,SECOND=0,MILLISECOND=0,ZONE_OFFSET=43200000,DST_OFFSET=3600000]",2476848.0,409695.0,253492.0,3140035.0
New Zealand,2008,"java.util.GregorianCalendar[time=1199098800000,areFieldsSet=true,areAllFieldsSet=true,lenient=true,zone=sun.util.calendar.ZoneInfo[id=""Pacific/Auckland"",offset=43200000,dstSavings=3600000,useDaylight=true,transitions=156,lastRule=java.util.SimpleTimeZone[id=Pacific/Auckland,offset=43200000,dstSavings=3600000,useDaylight=true,startYear=0,startMode=2,startMonth=8,startDay=-1,startDayOfWeek=1,startTime=7200000,startTimeMode=1,endMode=3,endMonth=3,endDay=1,endDayOfWeek=1,endTime=7200000,endTimeMode=1]],firstDayOfWeek=1,minimalDaysInFirstWeek=1,ERA=1,YEAR=2008,MONTH=0,WEEK_OF_YEAR=1,WEEK_OF_MONTH=1,DAY_OF_MONTH=1,DAY_OF_YEAR=1,DAY_OF_WEEK=3,DAY_OF_WEEK_IN_MONTH=1,AM_PM=0,HOUR=0,HOUR_OF_DAY=0,MINUTE=0,SECOND=0,MILLISECOND=0,ZONE_OFFSET=43200000,DST_OFFSET=3600000]",2476848.0,2179081.0,253492.0,4909421.0
Waikato,2007,"java.util.GregorianCalendar[time=1167562800000,areFieldsSet=true,areAllFieldsSet=true,lenient=true,zone=sun.util.calendar.ZoneInfo[id=""Pacific/Auckland"",offset=43200000,dstSavings=3600000,useDaylight=true,transitions=156,lastRule=java.util.SimpleTimeZone[id=Pacific/Auckland,offset=43200000,dstSavings=3600000,useDaylight=true,startYear=0,startMode=2,startMonth=8,startDay=-1,startDayOfWeek=1,startTime=7200000,startTimeMode=1,endMode=3,endMonth=3,endDay=1,endDayOfWeek=1,endTime=7200000,endTimeMode=1]],firstDayOfWeek=1,minimalDaysInFirstWeek=1,ERA=1,YEAR=2007,MONTH=0,WEEK_OF_YEAR=1,WEEK_OF_MONTH=1,DAY_OF_MONTH=1,DAY_OF_YEAR=1,DAY_OF_WEEK=2,DAY_OF_WEEK_IN_MONTH=1,AM_PM=0,HOUR=0,HOUR_OF_DAY=0,MINUTE=0,SECOND=0,MILLISECOND=0,ZONE_OFFSET=43200000,DST_OFFSET=3600000]",0.0,2201810.0,0.0,2201810.0
North Island,2007,"java.util.GregorianCalendar[time=1167562800000,areFieldsSet=true,areAllFieldsSet=true,lenient=true,zone=sun.util.calendar.ZoneInfo[id=""Pacific/Auckland"",offset=43200000,dstSavings=3600000,useDaylight=true,transitions=156,lastRule=java.util.SimpleTimeZone[id=Pacific/Auckland,offset=43200000,dstSavings=3600000,useDaylight=true,startYear=0,startMode=2,startMonth=8,startDay=-1,startDayOfWeek=1,startTime=7200000,startTimeMode=1,endMode=3,endMonth=3,endDay=1,endDayOfWeek=1,endTime=7200000,endTimeMode=1]],firstDayOfWeek=1,minimalDaysInFirstWeek=1,ERA=1,YEAR=2007,MONTH=0,WEEK_OF_YEAR=1,WEEK_OF_MONTH=1,DAY_OF_MONTH=1,DAY_OF_YEAR=1,DAY_OF_WEEK=2,DAY_OF_WEEK_IN_MONTH=1,AM_PM=0,HOUR=0,HOUR_OF_DAY=0,MINUTE=0,SECOND=0,MILLISECOND=0,ZONE_OFFSET=43200000,DST_OFFSET=3600000]",0.0,2201810.0,0.0,2201810.0
West Coast,2007,"java.util.GregorianCalendar[time=1167562800000,areFieldsSet=true,areAllFieldsSet=true,lenient=true,zone=sun.util.calendar.ZoneInfo[id=""Pacific/Auckland"",offset=43200000,dstSavings=3600000,useDaylight=true,transitions=156,lastRule=java.util.SimpleTimeZone[id=Pacific/Auckland,offset=43200000,dstSavings=3600000,useDaylight=true,startYear=0,startMode=2,startMonth=8,startDay=-1,startDayOfWeek=1,startTime=7200000,startTimeMode=1,endMode=3,endMonth=3,endDay=1,endDayOfWeek=1,endTime=7200000,endTimeMode=1]],firstDayOfWeek=1,minimalDaysInFirstWeek=1,ERA=1,YEAR=2007,MONTH=0,WEEK_OF_YEAR=1,WEEK_OF_MONTH=1,DAY_OF_MONTH=1,DAY_OF_YEAR=1,DAY_OF_WEEK=2,DAY_OF_WEEK_IN_MONTH=1,AM_PM=0,HOUR=0,HOUR_OF_DAY=0,MINUTE=0,SECOND=0,MILLISECOND=0,ZONE_OFFSET=43200000,DST_OFFSET=3600000]",2019430.0,134218.0,0.0,2153648.0
Canterbury,2007,"java.util.GregorianCalendar[time=1167562800000,areFieldsSet=true,areAllFieldsSet=true,lenient=true,zone=sun.util.calendar.ZoneInfo[id=""Pacific/Auckland"",offset=43200000,dstSavings=3600000,useDaylight=true,transitions=156,lastRule=java.util.SimpleTimeZone[id=Pacific/Auckland,offset=43200000,dstSavings=3600000,useDaylight=true,startYear=0,startMode=2,startMonth=8,startDay=-1,startDayOfWeek=1,startTime=7200000,startTimeMode=1,endMode=3,endMonth=3,endDay=1,endDayOfWeek=1,endTime=7200000,endTimeMode=1]],firstDayOfWeek=1,minimalDaysInFirstWeek=1,ERA=1,YEAR=2007,MONTH=0,WEEK_OF_YEAR=1,WEEK_OF_MONTH=1,DAY_OF_MONTH=1,DAY_OF_YEAR=1,DAY_OF_WEEK=2,DAY_OF_WEEK_IN_MONTH=1,AM_PM=0,HOUR=0,HOUR_OF_DAY=0,MINUTE=0,SECOND=0,MILLISECOND=0,ZONE_OFFSET=43200000,DST_OFFSET=3600000]",0.0,10496.0,0.0,10496.0
Otago,2007,"java.util.GregorianCalendar[time=1167562800000,areFieldsSet=true,areAllFieldsSet=true,lenient=true,zone=sun.util.calendar.ZoneInfo[id=""Pacific/Auckland"",offset=43200000,dstSavings=3600000,useDaylight=true,transitions=156,lastRule=java.util.SimpleTimeZone[id=Pacific/Auckland,offset=43200000,dstSavings=3600000,useDaylight=true,startYear=0,startMode=2,startMonth=8,startDay=-1,startDayOfWeek=1,startTime=7200000,startTimeMode=1,endMode=3,endMonth=3,endDay=1,endDayOfWeek=1,endTime=7200000,endTimeMode=1]],firstDayOfWeek=1,minimalDaysInFirstWeek=1,ERA=1,YEAR=2007,MONTH=0,WEEK_OF_YEAR=1,WEEK_OF_MONTH=1,DAY_OF_MONTH=1,DAY_OF_YEAR=1,DAY_OF_WEEK=2,DAY_OF_WEEK_IN_MONTH=1,AM_PM=0,HOUR=0,HOUR_OF_DAY=0,MINUTE=0,SECOND=0,MILLISECOND=0,ZONE_OFFSET=43200000,DST_OFFSET=3600000]",0.0,55722.0,3228.0,58950.0
Southland,2007,"java.util.GregorianCalendar[time=1167562800000,areFieldsSet=true,areAllFieldsSet=true,lenient=true,zone=sun.util.calendar.ZoneInfo[id=""Pacific/Auckland"",offset=43200000,dstSavings=3600000,useDaylight=true,transitions=156,lastRule=java.util.SimpleTimeZone[id=Pacific/Auckland,offset=43200000,dstSavings=3600000,useDaylight=true,startYear=0,startMode=2,startMonth=8,startDay=-1,startDayOfWeek=1,startTime=7200000,startTimeMode=1,endMode=3,endMonth=3,endDay=1,endDayOfWeek=1,endTime=7200000,endTimeMode=1]],firstDayOfWeek=1,minimalDaysInFirstWeek=1,ERA=1,YEAR=2007,MONTH=0,WEEK_OF_YEAR=1,WEEK_OF_MONTH=1,DAY_OF_MONTH=1,DAY_OF_YEAR=1,DAY_OF_WEEK=2,DAY_OF_WEEK_IN_MONTH=1,AM_PM=0,HOUR=0,HOUR_OF_DAY=0,MINUTE=0,SECOND=0,MILLISECOND=0,ZONE_OFFSET=43200000,DST_OFFSET=3600000]",0.0,153584.0,256920.0,410504.0
South Island,2007,"java.util.GregorianCalendar[time=1167562800000,areFieldsSet=true,areAllFieldsSet=true,lenient=true,zone=sun.util.calendar.ZoneInfo[id=""Pacific/Auckland"",offset=43200000,dstSavings=3600000,useDaylight=true,transitions=156,lastRule=java.util.SimpleTimeZone[id=Pacific/Auckland,offset=43200000,dstSavings=3600000,useDaylight=true,startYear=0,startMode=2,startMonth=8,startDay=-1,startDayOfWeek=1,startTime=7200000,startTimeMode=1,endMode=3,endMonth=3,endDay=1,endDayOfWeek=1,endTime=7200000,endTimeMode=1]],firstDayOfWeek=1,minimalDaysInFirstWeek=1,ERA=1,YEAR=2007,MONTH=0,WEEK_OF_YEAR=1,WEEK_OF_MONTH=1,DAY_OF_MONTH=1,DAY_OF_YEAR=1,DAY_OF_WEEK=2,DAY_OF_WEEK_IN_MONTH=1,AM_PM=0,HOUR=0,HOUR_OF_DAY=0,MINUTE=0,SECOND=0,MILLISECOND=0,ZONE_OFFSET=43200000,DST_OFFSET=3600000]",2019430.0,354020.0,260148.0,2633598.0
New Zealand,2007,"java.util.GregorianCalendar[time=1167562800000,areFieldsSet=true,areAllFieldsSet=true,lenient=true,zone=sun.util.calendar.ZoneInfo[id=""Pacific/Auckland"",offset=43200000,dstSavings=3600000,useDaylight=true,transitions=156,lastRule=java.util.SimpleTimeZone[id=Pacific/Auckland,offset=43200000,dstSavings=3600000,useDaylight=true,startYear=0,startMode=2,startMonth=8,startDay=-1,startDayOfWeek=1,startTime=7200000,startTimeMode=1,endMode=3,endMonth=3,endDay=1,endDayOfWeek=1,endTime=7200000,endTimeMode=1]],firstDayOfWeek=1,minimalDaysInFirstWeek=1,ERA=1,YEAR=2007,MONTH=0,WEEK_OF_YEAR=1,WEEK_OF_MONTH=1,DAY_OF_MONTH=1,DAY_OF_YEAR=1,DAY_OF_WEEK=2,DAY_OF_WEEK_IN_MONTH=1,AM_PM=0,HOUR=0,HOUR_OF_DAY=0,MINUTE=0,SECOND=0,MILLISECOND=0,ZONE_OFFSET=43200000,DST_OFFSET=3600000]",2019430.0,2555830.0,260148.0,4835408.0
Waikato,2006,"java.util.GregorianCalendar[time=1136026800000,areFieldsSet=true,areAllFieldsSet=true,lenient=true,zone=sun.util.calendar.ZoneInfo[id=""Pacific/Auckland"",offset=43200000,dstSavings=3600000,useDaylight=true,transitions=156,lastRule=java.util.SimpleTimeZone[id=Pacific/Auckland,offset=43200000,dstSavings=3600000,useDaylight=true,startYear=0,startMode=2,startMonth=8,startDay=-1,startDayOfWeek=1,startTime=7200000,startTimeMode=1,endMode=3,endMonth=3,endDay=1,endDayOfWeek=1,endTime=7200000,endTimeMode=1]],firstDayOfWeek=1,minimalDaysInFirstWeek=1,ERA=1,YEAR=2006,MONTH=0,WEEK_OF_YEAR=1,WEEK_OF_MONTH=1,DAY_OF_MONTH=1,DAY_OF_YEAR=1,DAY_OF_WEEK=1,DAY_OF_WEEK_IN_MONTH=1,AM_PM=0,HOUR=0,HOUR_OF_DAY=0,MINUTE=0,SECOND=0,MILLISECOND=0,ZONE_OFFSET=43200000,DST_OFFSET=3600000]",0.0,2289809.0,0.0,2289809.0
North Island,2006,"java.util.GregorianCalendar[time=1136026800000,areFieldsSet=true,areAllFieldsSet=true,lenient=true,zone=sun.util.calendar.ZoneInfo[id=""Pacific/Auckland"",offset=43200000,dstSavings=3600000,useDaylight=true,transitions=156,lastRule=java.util.SimpleTimeZone[id=Pacific/Auckland,offset=43200000,dstSavings=3600000,useDaylight=true,startYear=0,startMode=2,startMonth=8,startDay=-1,startDayOfWeek=1,startTime=7200000,startTimeMode=1,endMode=3,endMonth=3,endDay=1,endDayOfWeek=1,endTime=7200000,endTimeMode=1]],firstDayOfWeek=1,minimalDaysInFirstWeek=1,ERA=1,YEAR=2006,MONTH=0,WEEK_OF_YEAR=1,WEEK_OF_MONTH=1,DAY_OF_MONTH=1,DAY_OF_YEAR=1,DAY_OF_WEEK=1,DAY_OF_WEEK_IN_MONTH=1,AM_PM=0,HOUR=0,HOUR_OF_DAY=0,MINUTE=0,SECOND=0,MILLISECOND=0,ZONE_OFFSET=43200000,DST_OFFSET=3600000]",0.0,,0.0,
West Coast,2006,"java.util.GregorianCalendar[time=1136026800000,areFieldsSet=true,areAllFieldsSet=true,lenient=true,zone=sun.util.calendar.ZoneInfo[id=""Pacific/Auckland"",offset=43200000,dstSavings=3600000,useDaylight=true,transitions=156,lastRule=java.util.SimpleTimeZone[id=Pacific/Auckland,offset=43200000,dstSavings=3600000,useDaylight=true,startYear=0,startMode=2,startMonth=8,startDay=-1,startDayOfWeek=1,startTime=7200000,startTimeMode=1,endMode=3,endMonth=3,endDay=1,endDayOfWeek=1,endTime=7200000,endTimeMode=1]],firstDayOfWeek=1,minimalDaysInFirstWeek=1,ERA=1,YEAR=2006,MONTH=0,WEEK_OF_YEAR=1,WEEK_OF_MONTH=1,DAY_OF_MONTH=1,DAY_OF_YEAR=1,DAY_OF_WEEK=1,DAY_OF_WEEK_IN_MONTH=1,AM_PM=0,HOUR=0,HOUR_OF_DAY=0,MINUTE=0,SECOND=0,MILLISECOND=0,ZONE_OFFSET=43200000,DST_OFFSET=3600000]",2863029.0,136351.0,0.0,2999380.0
Canterbury,2006,"java.util.GregorianCalendar[time=1136026800000,areFieldsSet=true,areAllFieldsSet=true,lenient=true,zone=sun.util.calendar.ZoneInfo[id=""Pacific/Auckland"",offset=43200000,dstSavings=3600000,useDaylight=true,transitions=156,lastRule=java.util.SimpleTimeZone[id=Pacific/Auckland,offset=43200000,dstSavings=3600000,useDaylight=true,startYear=0,startMode=2,startMonth=8,startDay=-1,startDayOfWeek=1,startTime=7200000,startTimeMode=1,endMode=3,endMonth=3,endDay=1,endDayOfWeek=1,endTime=7200000,endTimeMode=1]],firstDayOfWeek=1,minimalDaysInFirstWeek=1,ERA=1,YEAR=2006,MONTH=0,WEEK_OF_YEAR=1,WEEK_OF_MONTH=1,DAY_OF_MONTH=1,DAY_OF_YEAR=1,DAY_OF_WEEK=1,DAY_OF_WEEK_IN_MONTH=1,AM_PM=0,HOUR=0,HOUR_OF_DAY=0,MINUTE=0,SECOND=0,MILLISECOND=0,ZONE_OFFSET=43200000,DST_OFFSET=3600000]",0.0,4017.0,0.0,4017.0
Otago,2006,"java.util.GregorianCalendar[time=1136026800000,areFieldsSet=true,areAllFieldsSet=true,lenient=true,zone=sun.util.calendar.ZoneInfo[id=""Pacific/Auckland"",offset=43200000,dstSavings=3600000,useDaylight=true,transitions=156,lastRule=java.util.SimpleTimeZone[id=Pacific/Auckland,offset=43200000,dstSavings=3600000,useDaylight=true,startYear=0,startMode=2,startMonth=8,startDay=-1,startDayOfWeek=1,startTime=7200000,startTimeMode=1,endMode=3,endMonth=3,endDay=1,endDayOfWeek=1,endTime=7200000,endTimeMode=1]],firstDayOfWeek=1,minimalDaysInFirstWeek=1,ERA=1,YEAR=2006,MONTH=0,WEEK_OF_YEAR=1,WEEK_OF_MONTH=1,DAY_OF_MONTH=1,DAY_OF_YEAR=1,DAY_OF_WEEK=1,DAY_OF_WEEK_IN_MONTH=1,AM_PM=0,HOUR=0,HOUR_OF_DAY=0,MINUTE=0,SECOND=0,MILLISECOND=0,ZONE_OFFSET=43200000,DST_OFFSET=3600000]",0.0,53904.0,3333.0,57237.0
Southland,2006,"java.util.GregorianCalendar[time=1136026800000,areFieldsSet=true,areAllFieldsSet=true,lenient=true,zone=sun.util.calendar.ZoneInfo[id=""Pacific/Auckland"",offset=43200000,dstSavings=3600000,useDaylight=true,transitions=156,lastRule=java.util.SimpleTimeZone[id=Pacific/Auckland,offset=43200000,dstSavings=3600000,useDaylight=true,startYear=0,startMode=2,startMonth=8,startDay=-1,startDayOfWeek=1,startTime=7200000,startTimeMode=1,endMode=3,endMonth=3,endDay=1,endDayOfWeek=1,endTime=7200000,endTimeMode=1]],firstDayOfWeek=1,minimalDaysInFirstWeek=1,ERA=1,YEAR=2006,MONTH=0,WEEK_OF_YEAR=1,WEEK_OF_MONTH=1,DAY_OF_MONTH=1,DAY_OF_YEAR=1,DAY_OF_WEEK=1,DAY_OF_WEEK_IN_MONTH=1,AM_PM=0,HOUR=0,HOUR_OF_DAY=0,MINUTE=0,SECOND=0,MILLISECOND=0,ZONE_OFFSET=43200000,DST_OFFSET=3600000]",0.0,169435.0,248033.0,417468.0
South Island,2006,"java.util.GregorianCalendar[time=1136026800000,areFieldsSet=true,areAllFieldsSet=true,lenient=true,zone=sun.util.calendar.ZoneInfo[id=""Pacific/Auckland"",offset=43200000,dstSavings=3600000,useDaylight=true,transitions=156,lastRule=java.util.SimpleTimeZone[id=Pacific/Auckland,offset=43200000,dstSavings=3600000,useDaylight=true,startYear=0,startMode=2,startMonth=8,startDay=-1,startDayOfWeek=1,startTime=7200000,startTimeMode=1,endMode=3,endMonth=3,endDay=1,endDayOfWeek=1,endTime=7200000,endTimeMode=1]],firstDayOfWeek=1,minimalDaysInFirstWeek=1,ERA=1,YEAR=2006,MONTH=0,WEEK_OF_YEAR=1,WEEK_OF_MONTH=1,DAY_OF_MONTH=1,DAY_OF_YEAR=1,DAY_OF_WEEK=1,DAY_OF_WEEK_IN_MONTH=1,AM_PM=0,HOUR=0,HOUR_OF_DAY=0,MINUTE=0,SECOND=0,MILLISECOND=0,ZONE_OFFSET=43200000,DST_OFFSET=3600000]",2863029.0,363707.0,251366.0,3478102.0
New Zealand,2006,"java.util.GregorianCalendar[time=1136026800000,areFieldsSet=true,areAllFieldsSet=true,lenient=true,zone=sun.util.calendar.ZoneInfo[id=""Pacific/Auckland"",offset=43200000,dstSavings=3600000,useDaylight=true,transitions=156,lastRule=java.util.SimpleTimeZone[id=Pacific/Auckland,offset=43200000,dstSavings=3600000,useDaylight=true,startYear=0,startMode=2,startMonth=8,startDay=-1,startDayOfWeek=1,startTime=7200000,startTimeMode=1,endMode=3,endMonth=3,endDay=1,endDayOfWeek=1,endTime=7200000,endTimeMode=1]],firstDayOfWeek=1,minimalDaysInFirstWeek=1,ERA=1,YEAR=2006,MONTH=0,WEEK_OF_YEAR=1,WEEK_OF_MONTH=1,DAY_OF_MONTH=1,DAY_OF_YEAR=1,DAY_OF_WEEK=1,DAY_OF_WEEK_IN_MONTH=1,AM_PM=0,HOUR=0,HOUR_OF_DAY=0,MINUTE=0,SECOND=0,MILLISECOND=0,ZONE_OFFSET=43200000,DST_OFFSET=3600000]",2863029.0,2653516.0,251366.0,5767911.0
Waikato,2005,"java.util.GregorianCalendar[time=1104490800000,areFieldsSet=true,areAllFieldsSet=true,lenient=true,zone=sun.util.calendar.ZoneInfo[id=""Pacific/Auckland"",offset=43200000,dstSavings=3600000,useDaylight=true,transitions=156,lastRule=java.util.SimpleTimeZone[id=Pacific/Auckland,offset=43200000,dstSavings=3600000,useDaylight=true,startYear=0,startMode=2,startMonth=8,startDay=-1,startDayOfWeek=1,startTime=7200000,startTimeMode=1,endMode=3,endMonth=3,endDay=1,endDayOfWeek=1,endTime=7200000,endTimeMode=1]],firstDayOfWeek=1,minimalDaysInFirstWeek=1,ERA=1,YEAR=2005,MONTH=0,WEEK_OF_YEAR=1,WEEK_OF_MONTH=1,DAY_OF_MONTH=1,DAY_OF_YEAR=1,DAY_OF_WEEK=7,DAY_OF_WEEK_IN_MONTH=1,AM_PM=0,HOUR=0,HOUR_OF_DAY=0,MINUTE=0,SECOND=0,MILLISECOND=0,ZONE_OFFSET=43200000,DST_OFFSET=3600000]",0.0,2119909.25,0.0,2119909.25
North Island,2005,"java.util.GregorianCalendar[time=1104490800000,areFieldsSet=true,areAllFieldsSet=true,lenient=true,zone=sun.util.calendar.ZoneInfo[id=""Pacific/Auckland"",offset=43200000,dstSavings=3600000,useDaylight=true,transitions=156,lastRule=java.util.SimpleTimeZone[id=Pacific/Auckland,offset=43200000,dstSavings=3600000,useDaylight=true,startYear=0,startMode=2,startMonth=8,startDay=-1,startDayOfWeek=1,startTime=7200000,startTimeMode=1,endMode=3,endMonth=3,endDay=1,endDayOfWeek=1,endTime=7200000,endTimeMode=1]],firstDayOfWeek=1,minimalDaysInFirstWeek=1,ERA=1,YEAR=2005,MONTH=0,WEEK_OF_YEAR=1,WEEK_OF_MONTH=1,DAY_OF_MONTH=1,DAY_OF_YEAR=1,DAY_OF_WEEK=7,DAY_OF_WEEK_IN_MONTH=1,AM_PM=0,HOUR=0,HOUR_OF_DAY=0,MINUTE=0,SECOND=0,MILLISECOND=0,ZONE_OFFSET=43200000,DST_OFFSET=3600000]",0.0,2119909.25,0.0,2119909.25
West Coast,2005,"java.util.GregorianCalendar[time=1104490800000,areFieldsSet=true,areAllFieldsSet=true,lenient=true,zone=sun.util.calendar.ZoneInfo[id=""Pacific/Auckland"",offset=43200000,dstSavings=3600000,useDaylight=true,transitions=156,lastRule=java.util.SimpleTimeZone[id=Pacific/Auckland,offset=43200000,dstSavings=3600000,useDaylight=true,startYear=0,startMode=2,startMonth=8,startDay=-1,startDayOfWeek=1,startTime=7200000,startTimeMode=1,endMode=3,endMonth=3,endDay=1,endDayOfWeek=1,endTime=7200000,endTimeMode=1]],firstDayOfWeek=1,minimalDaysInFirstWeek=1,ERA=1,YEAR=2005,MONTH=0,WEEK_OF_YEAR=1,WEEK_OF_MONTH=1,DAY_OF_MONTH=1,DAY_OF_YEAR=1,DAY_OF_WEEK=7,DAY_OF_WEEK_IN_MONTH=1,AM_PM=0,HOUR=0,HOUR_OF_DAY=0,MINUTE=0,SECOND=0,MILLISECOND=0,ZONE_OFFSET=43200000,DST_OFFSET=3600000]",2543404.38,112193.75,0.0,2655598.13
Canterbury,2005,"java.util.GregorianCalendar[time=1104490800000,areFieldsSet=true,areAllFieldsSet=true,lenient=true,zone=sun.util.calendar.ZoneInfo[id=""Pacific/Auckland"",offset=43200000,dstSavings=3600000,useDaylight=true,transitions=156,lastRule=java.util.SimpleTimeZone[id=Pacific/Auckland,offset=43200000,dstSavings=3600000,useDaylight=true,startYear=0,startMode=2,startMonth=8,startDay=-1,startDayOfWeek=1,startTime=7200000,startTimeMode=1,endMode=3,endMonth=3,endDay=1,endDayOfWeek=1,endTime=7200000,endTimeMode=1]],firstDayOfWeek=1,minimalDaysInFirstWeek=1,ERA=1,YEAR=2005,MONTH=0,WEEK_OF_YEAR=1,WEEK_OF_MONTH=1,DAY_OF_MONTH=1,DAY_OF_YEAR=1,DAY_OF_WEEK=7,DAY_OF_WEEK_IN_MONTH=1,AM_PM=0,HOUR=0,HOUR_OF_DAY=0,MINUTE=0,SECOND=0,MILLISECOND=0,ZONE_OFFSET=43200000,DST_OFFSET=3600000]",0.0,3929.0,0.0,3929.0
Otago,2005,"java.util.GregorianCalendar[time=1104490800000,areFieldsSet=true,areAllFieldsSet=true,lenient=true,zone=sun.util.calendar.ZoneInfo[id=""Pacific/Auckland"",offset=43200000,dstSavings=3600000,useDaylight=true,transitions=156,lastRule=java.util.SimpleTimeZone[id=Pacific/Auckland,offset=43200000,dstSavings=3600000,useDaylight=true,startYear=0,startMode=2,startMonth=8,startDay=-1,startDayOfWeek=1,startTime=7200000,startTimeMode=1,endMode=3,endMonth=3,endDay=1,endDayOfWeek=1,endTime=7200000,endTimeMode=1]],firstDayOfWeek=1,minimalDaysInFirstWeek=1,ERA=1,YEAR=2005,MONTH=0,WEEK_OF_YEAR=1,WEEK_OF_MONTH=1,DAY_OF_MONTH=1,DAY_OF_YEAR=1,DAY_OF_WEEK=7,DAY_OF_WEEK_IN_MONTH=1,AM_PM=0,HOUR=0,HOUR_OF_DAY=0,MINUTE=0,SECOND=0,MILLISECOND=0,ZONE_OFFSET=43200000,DST_OFFSET=3600000]",0.0,54602.0,1583.56,56185.56
Southland,2005,"java.util.GregorianCalendar[time=1104490800000,areFieldsSet=true,areAllFieldsSet=true,lenient=true,zone=sun.util.calendar.ZoneInfo[id=""Pacific/Auckland"",offset=43200000,dstSavings=3600000,useDaylight=true,transitions=156,lastRule=java.util.SimpleTimeZone[id=Pacific/Auckland,offset=43200000,dstSavings=3600000,useDaylight=true,startYear=0,startMode=2,startMonth=8,startDay=-1,startDayOfWeek=1,startTime=7200000,startTimeMode=1,endMode=3,endMonth=3,endDay=1,endDayOfWeek=1,endTime=7200000,endTimeMode=1]],firstDayOfWeek=1,minimalDaysInFirstWeek=1,ERA=1,YEAR=2005,MONTH=0,WEEK_OF_YEAR=1,WEEK_OF_MONTH=1,DAY_OF_MONTH=1,DAY_OF_YEAR=1,DAY_OF_WEEK=7,DAY_OF_WEEK_IN_MONTH=1,AM_PM=0,HOUR=0,HOUR_OF_DAY=0,MINUTE=0,SECOND=0,MILLISECOND=0,ZONE_OFFSET=43200000,DST_OFFSET=3600000]",0.0,186678.23,244861.758,431539.988
South Island,2005,"java.util.GregorianCalendar[time=1104490800000,areFieldsSet=true,areAllFieldsSet=true,lenient=true,zone=sun.util.calendar.ZoneInfo[id=""Pacific/Auckland"",offset=43200000,dstSavings=3600000,useDaylight=true,transitions=156,lastRule=java.util.SimpleTimeZone[id=Pacific/Auckland,offset=43200000,dstSavings=3600000,useDaylight=true,startYear=0,startMode=2,startMonth=8,startDay=-1,startDayOfWeek=1,startTime=7200000,startTimeMode=1,endMode=3,endMonth=3,endDay=1,endDayOfWeek=1,endTime=7200000,endTimeMode=1]],firstDayOfWeek=1,minimalDaysInFirstWeek=1,ERA=1,YEAR=2005,MONTH=0,WEEK_OF_YEAR=1,WEEK_OF_MONTH=1,DAY_OF_MONTH=1,DAY_OF_YEAR=1,DAY_OF_WEEK=7,DAY_OF_WEEK_IN_MONTH=1,AM_PM=0,HOUR=0,HOUR_OF_DAY=0,MINUTE=0,SECOND=0,MILLISECOND=0,ZONE_OFFSET=43200000,DST_OFFSET=3600000]",2543404.38,357402.98,246445.318,3147252.678
New Zealand,2005,"java.util.GregorianCalendar[time=1104490800000,areFieldsSet=true,areAllFieldsSet=true,lenient=true,zone=sun.util.calendar.ZoneInfo[id=""Pacific/Auckland"",offset=43200000,dstSavings=3600000,useDaylight=true,transitions=156,lastRule=java.util.SimpleTimeZone[id=Pacific/Auckland,offset=43200000,dstSavings=3600000,useDaylight=true,startYear=0,startMode=2,startMonth=8,startDay=-1,startDayOfWeek=1,startTime=7200000,startTimeMode=1,endMode=3,endMonth=3,endDay=1,endDayOfWeek=1,endTime=7200000,endTimeMode=1]],firstDayOfWeek=1,minimalDaysInFirstWeek=1,ERA=1,YEAR=2005,MONTH=0,WEEK_OF_YEAR=1,WEEK_OF_MONTH=1,DAY_OF_MONTH=1,DAY_OF_YEAR=1,DAY_OF_WEEK=7,DAY_OF_WEEK_IN_MONTH=1,AM_PM=0,HOUR=0,HOUR_OF_DAY=0,MINUTE=0,SECOND=0,MILLISECOND=0,ZONE_OFFSET=43200000,DST_OFFSET=3600000]",2543404.38,2477312.23,246445.318,5267161.927999999
Waikato,2004,"java.util.GregorianCalendar[time=1072868400000,areFieldsSet=true,areAllFieldsSet=true,lenient=true,zone=sun.util.calendar.ZoneInfo[id=""Pacific/Auckland"",offset=43200000,dstSavings=3600000,useDaylight=true,transitions=156,lastRule=java.util.SimpleTimeZone[id=Pacific/Auckland,offset=43200000,dstSavings=3600000,useDaylight=true,startYear=0,startMode=2,startMonth=8,startDay=-1,startDayOfWeek=1,startTime=7200000,startTimeMode=1,endMode=3,endMonth=3,endDay=1,endDayOfWeek=1,endTime=7200000,endTimeMode=1]],firstDayOfWeek=1,minimalDaysInFirstWeek=1,ERA=1,YEAR=2004,MONTH=0,WEEK_OF_YEAR=1,WEEK_OF_MONTH=1,DAY_OF_MONTH=1,DAY_OF_YEAR=1,DAY_OF_WEEK=5,DAY_OF_WEEK_IN_MONTH=1,AM_PM=0,HOUR=0,HOUR_OF_DAY=0,MINUTE=0,SECOND=0,MILLISECOND=0,ZONE_OFFSET=43200000,DST_OFFSET=3600000]",0.0,2053706.77,0.0,2053706.77
North Island,2004,"java.util.GregorianCalendar[time=1072868400000,areFieldsSet=true,areAllFieldsSet=true,lenient=true,zone=sun.util.calendar.ZoneInfo[id=""Pacific/Auckland"",offset=43200000,dstSavings=3600000,useDaylight=true,transitions=156,lastRule=java.util.SimpleTimeZone[id=Pacific/Auckland,offset=43200000,dstSavings=3600000,useDaylight=true,startYear=0,startMode=2,startMonth=8,startDay=-1,startDayOfWeek=1,startTime=7200000,startTimeMode=1,endMode=3,endMonth=3,endDay=1,endDayOfWeek=1,endTime=7200000,endTimeMode=1]],firstDayOfWeek=1,minimalDaysInFirstWeek=1,ERA=1,YEAR=2004,MONTH=0,WEEK_OF_YEAR=1,WEEK_OF_MONTH=1,DAY_OF_MONTH=1,DAY_OF_YEAR=1,DAY_OF_WEEK=5,DAY_OF_WEEK_IN_MONTH=1,AM_PM=0,HOUR=0,HOUR_OF_DAY=0,MINUTE=0,SECOND=0,MILLISECOND=0,ZONE_OFFSET=43200000,DST_OFFSET=3600000]",0.0,2053706.77,0.0,2053706.77
West Coast,2004,"java.util.GregorianCalendar[time=1072868400000,areFieldsSet=true,areAllFieldsSet=true,lenient=true,zone=sun.util.calendar.ZoneInfo[id=""Pacific/Auckland"",offset=43200000,dstSavings=3600000,useDaylight=true,transitions=156,lastRule=java.util.SimpleTimeZone[id=Pacific/Auckland,offset=43200000,dstSavings=3600000,useDaylight=true,startYear=0,startMode=2,startMonth=8,startDay=-1,startDayOfWeek=1,startTime=7200000,startTimeMode=1,endMode=3,endMonth=3,endDay=1,endDayOfWeek=1,endTime=7200000,endTimeMode=1]],firstDayOfWeek=1,minimalDaysInFirstWeek=1,ERA=1,YEAR=2004,MONTH=0,WEEK_OF_YEAR=1,WEEK_OF_MONTH=1,DAY_OF_MONTH=1,DAY_OF_YEAR=1,DAY_OF_WEEK=5,DAY_OF_WEEK_IN_MONTH=1,AM_PM=0,HOUR=0,HOUR_OF_DAY=0,MINUTE=0,SECOND=0,MILLISECOND=0,ZONE_OFFSET=43200000,DST_OFFSET=3600000]",2526612.82,100175.14,0.0,2626787.96
Canterbury,2004,"java.util.GregorianCalendar[time=1072868400000,areFieldsSet=true,areAllFieldsSet=true,lenient=true,zone=sun.util.calendar.ZoneInfo[id=""Pacific/Auckland"",offset=43200000,dstSavings=3600000,useDaylight=true,transitions=156,lastRule=java.util.SimpleTimeZone[id=Pacific/Auckland,offset=43200000,dstSavings=3600000,useDaylight=true,startYear=0,startMode=2,startMonth=8,startDay=-1,startDayOfWeek=1,startTime=7200000,startTimeMode=1,endMode=3,endMonth=3,endDay=1,endDayOfWeek=1,endTime=7200000,endTimeMode=1]],firstDayOfWeek=1,minimalDaysInFirstWeek=1,ERA=1,YEAR=2004,MONTH=0,WEEK_OF_YEAR=1,WEEK_OF_MONTH=1,DAY_OF_MONTH=1,DAY_OF_YEAR=1,DAY_OF_WEEK=5,DAY_OF_WEEK_IN_MONTH=1,AM_PM=0,HOUR=0,HOUR_OF_DAY=0,MINUTE=0,SECOND=0,MILLISECOND=0,ZONE_OFFSET=43200000,DST_OFFSET=3600000]",0.0,3721.5,0.0,3721.5
Otago,2004,"java.util.GregorianCalendar[time=1072868400000,areFieldsSet=true,areAllFieldsSet=true,lenient=true,zone=sun.util.calendar.ZoneInfo[id=""Pacific/Auckland"",offset=43200000,dstSavings=3600000,useDaylight=true,transitions=156,lastRule=java.util.SimpleTimeZone[id=Pacific/Auckland,offset=43200000,dstSavings=3600000,useDaylight=true,startYear=0,startMode=2,startMonth=8,startDay=-1,startDayOfWeek=1,startTime=7200000,startTimeMode=1,endMode=3,endMonth=3,endDay=1,endDayOfWeek=1,endTime=7200000,endTimeMode=1]],firstDayOfWeek=1,minimalDaysInFirstWeek=1,ERA=1,YEAR=2004,MONTH=0,WEEK_OF_YEAR=1,WEEK_OF_MONTH=1,DAY_OF_MONTH=1,DAY_OF_YEAR=1,DAY_OF_WEEK=5,DAY_OF_WEEK_IN_MONTH=1,AM_PM=0,HOUR=0,HOUR_OF_DAY=0,MINUTE=0,SECOND=0,MILLISECOND=0,ZONE_OFFSET=43200000,DST_OFFSET=3600000]",0.0,57051.0,1853.303,58904.303
Southland,2004,"java.util.GregorianCalendar[time=1072868400000,areFieldsSet=true,areAllFieldsSet=true,lenient=true,zone=sun.util.calendar.ZoneInfo[id=""Pacific/Auckland"",offset=43200000,dstSavings=3600000,useDaylight=true,transitions=156,lastRule=java.util.SimpleTimeZone[id=Pacific/Auckland,offset=43200000,dstSavings=3600000,useDaylight=true,startYear=0,startMode=2,startMonth=8,startDay=-1,startDayOfWeek=1,startTime=7200000,startTimeMode=1,endMode=3,endMonth=3,endDay=1,endDayOfWeek=1,endTime=7200000,endTimeMode=1]],firstDayOfWeek=1,minimalDaysInFirstWeek=1,ERA=1,YEAR=2004,MONTH=0,WEEK_OF_YEAR=1,WEEK_OF_MONTH=1,DAY_OF_MONTH=1,DAY_OF_YEAR=1,DAY_OF_WEEK=5,DAY_OF_WEEK_IN_MONTH=1,AM_PM=0,HOUR=0,HOUR_OF_DAY=0,MINUTE=0,SECOND=0,MILLISECOND=0,ZONE_OFFSET=43200000,DST_OFFSET=3600000]",0.0,174698.0,237575.522,412273.522
South Island,2004,"java.util.GregorianCalendar[time=1072868400000,areFieldsSet=true,areAllFieldsSet=true,lenient=true,zone=sun.util.calendar.ZoneInfo[id=""Pacific/Auckland"",offset=43200000,dstSavings=3600000,useDaylight=true,transitions=156,lastRule=java.util.SimpleTimeZone[id=Pacific/Auckland,offset=43200000,dstSavings=3600000,useDaylight=true,startYear=0,startMode=2,startMonth=8,startDay=-1,startDayOfWeek=1,startTime=7200000,startTimeMode=1,endMode=3,endMonth=3,endDay=1,endDayOfWeek=1,endTime=7200000,endTimeMode=1]],firstDayOfWeek=1,minimalDaysInFirstWeek=1,ERA=1,YEAR=2004,MONTH=0,WEEK_OF_YEAR=1,WEEK_OF_MONTH=1,DAY_OF_MONTH=1,DAY_OF_YEAR=1,DAY_OF_WEEK=5,DAY_OF_WEEK_IN_MONTH=1,AM_PM=0,HOUR=0,HOUR_OF_DAY=0,MINUTE=0,SECOND=0,MILLISECOND=0,ZONE_OFFSET=43200000,DST_OFFSET=3600000]",2526612.82,335645.64,239428.825,3101687.2849999997
New Zealand,2004,"java.util.GregorianCalendar[time=1072868400000,areFieldsSet=true,areAllFieldsSet=true,lenient=true,zone=sun.util.calendar.ZoneInfo[id=""Pacific/Auckland"",offset=43200000,dstSavings=3600000,useDaylight=true,transitions=156,lastRule=java.util.SimpleTimeZone[id=Pacific/Auckland,offset=43200000,dstSavings=3600000,useDaylight=true,startYear=0,startMode=2,startMonth=8,startDay=-1,startDayOfWeek=1,startTime=7200000,startTimeMode=1,endMode=3,endMonth=3,endDay=1,endDayOfWeek=1,endTime=7200000,endTimeMode=1]],firstDayOfWeek=1,minimalDaysInFirstWeek=1,ERA=1,YEAR=2004,MONTH=0,WEEK_OF_YEAR=1,WEEK_OF_MONTH=1,DAY_OF_MONTH=1,DAY_OF_YEAR=1,DAY_OF_WEEK=5,DAY_OF_WEEK_IN_MONTH=1,AM_PM=0,HOUR=0,HOUR_OF_DAY=0,MINUTE=0,SECOND=0,MILLISECOND=0,ZONE_OFFSET=43200000,DST_OFFSET=3600000]",2526612.82,2389352.41,239428.825,5155394.055000001
Waikato,2003,"java.util.GregorianCalendar[time=1041332400000,areFieldsSet=true,areAllFieldsSet=true,lenient=true,zone=sun.util.calendar.ZoneInfo[id=""Pacific/Auckland"",offset=43200000,dstSavings=3600000,useDaylight=true,transitions=156,lastRule=java.util.SimpleTimeZone[id=Pacific/Auckland,offset=43200000,dstSavings=3600000,useDaylight=true,startYear=0,startMode=2,startMonth=8,startDay=-1,startDayOfWeek=1,startTime=7200000,startTimeMode=1,endMode=3,endMonth=3,endDay=1,endDayOfWeek=1,endTime=7200000,endTimeMode=1]],firstDayOfWeek=1,minimalDaysInFirstWeek=1,ERA=1,YEAR=2003,MONTH=0,WEEK_OF_YEAR=1,WEEK_OF_MONTH=1,DAY_OF_MONTH=1,DAY_OF_YEAR=1,DAY_OF_WEEK=4,DAY_OF_WEEK_IN_MONTH=1,AM_PM=0,HOUR=0,HOUR_OF_DAY=0,MINUTE=0,SECOND=0,MILLISECOND=0,ZONE_OFFSET=43200000,DST_OFFSET=3600000]",0.0,2300170.0,0.0,2300170.0
North Island,2003,"java.util.GregorianCalendar[time=1041332400000,areFieldsSet=true,areAllFieldsSet=true,lenient=true,zone=sun.util.calendar.ZoneInfo[id=""Pacific/Auckland"",offset=43200000,dstSavings=3600000,useDaylight=true,transitions=156,lastRule=java.util.SimpleTimeZone[id=Pacific/Auckland,offset=43200000,dstSavings=3600000,useDaylight=true,startYear=0,startMode=2,startMonth=8,startDay=-1,startDayOfWeek=1,startTime=7200000,startTimeMode=1,endMode=3,endMonth=3,endDay=1,endDayOfWeek=1,endTime=7200000,endTimeMode=1]],firstDayOfWeek=1,minimalDaysInFirstWeek=1,ERA=1,YEAR=2003,MONTH=0,WEEK_OF_YEAR=1,WEEK_OF_MONTH=1,DAY_OF_MONTH=1,DAY_OF_YEAR=1,DAY_OF_WEEK=4,DAY_OF_WEEK_IN_MONTH=1,AM_PM=0,HOUR=0,HOUR_OF_DAY=0,MINUTE=0,SECOND=0,MILLISECOND=0,ZONE_OFFSET=43200000,DST_OFFSET=3600000]",0.0,2300170.0,0.0,2300170.0
West Coast,2003,"java.util.GregorianCalendar[time=1041332400000,areFieldsSet=true,areAllFieldsSet=true,lenient=true,zone=sun.util.calendar.ZoneInfo[id=""Pacific/Auckland"",offset=43200000,dstSavings=3600000,useDaylight=true,transitions=156,lastRule=java.util.SimpleTimeZone[id=Pacific/Auckland,offset=43200000,dstSavings=3600000,useDaylight=true,startYear=0,startMode=2,startMonth=8,startDay=-1,startDayOfWeek=1,startTime=7200000,startTimeMode=1,endMode=3,endMonth=3,endDay=1,endDayOfWeek=1,endTime=7200000,endTimeMode=1]],firstDayOfWeek=1,minimalDaysInFirstWeek=1,ERA=1,YEAR=2003,MONTH=0,WEEK_OF_YEAR=1,WEEK_OF_MONTH=1,DAY_OF_MONTH=1,DAY_OF_YEAR=1,DAY_OF_WEEK=4,DAY_OF_WEEK_IN_MONTH=1,AM_PM=0,HOUR=0,HOUR_OF_DAY=0,MINUTE=0,SECOND=0,MILLISECOND=0,ZONE_OFFSET=43200000,DST_OFFSET=3600000]",2351021.0,101786.0,0.0,2452807.0
Canterbury,2003,"java.util.GregorianCalendar[time=1041332400000,areFieldsSet=true,areAllFieldsSet=true,lenient=true,zone=sun.util.calendar.ZoneInfo[id=""Pacific/Auckland"",offset=43200000,dstSavings=3600000,useDaylight=true,transitions=156,lastRule=java.util.SimpleTimeZone[id=Pacific/Auckland,offset=43200000,dstSavings=3600000,useDaylight=true,startYear=0,startMode=2,startMonth=8,startDay=-1,startDayOfWeek=1,startTime=7200000,startTimeMode=1,endMode=3,endMonth=3,endDay=1,endDayOfWeek=1,endTime=7200000,endTimeMode=1]],firstDayOfWeek=1,minimalDaysInFirstWeek=1,ERA=1,YEAR=2003,MONTH=0,WEEK_OF_YEAR=1,WEEK_OF_MONTH=1,DAY_OF_MONTH=1,DAY_OF_YEAR=1,DAY_OF_WEEK=4,DAY_OF_WEEK_IN_MONTH=1,AM_PM=0,HOUR=0,HOUR_OF_DAY=0,MINUTE=0,SECOND=0,MILLISECOND=0,ZONE_OFFSET=43200000,DST_OFFSET=3600000]",0.0,984.0,0.0,984.0
Otago,2003,"java.util.GregorianCalendar[time=1041332400000,areFieldsSet=true,areAllFieldsSet=true,lenient=true,zone=sun.util.calendar.ZoneInfo[id=""Pacific/Auckland"",offset=43200000,dstSavings=3600000,useDaylight=true,transitions=156,lastRule=java.util.SimpleTimeZone[id=Pacific/Auckland,offset=43200000,dstSavings=3600000,useDaylight=true,startYear=0,startMode=2,startMonth=8,startDay=-1,startDayOfWeek=1,startTime=7200000,startTimeMode=1,endMode=3,endMonth=3,endDay=1,endDayOfWeek=1,endTime=7200000,endTimeMode=1]],firstDayOfWeek=1,minimalDaysInFirstWeek=1,ERA=1,YEAR=2003,MONTH=0,WEEK_OF_YEAR=1,WEEK_OF_MONTH=1,DAY_OF_MONTH=1,DAY_OF_YEAR=1,DAY_OF_WEEK=4,DAY_OF_WEEK_IN_MONTH=1,AM_PM=0,HOUR=0,HOUR_OF_DAY=0,MINUTE=0,SECOND=0,MILLISECOND=0,ZONE_OFFSET=43200000,DST_OFFSET=3600000]",0.0,45666.0,2788.0,48454.0
Southland,2003,"java.util.GregorianCalendar[time=1041332400000,areFieldsSet=true,areAllFieldsSet=true,lenient=true,zone=sun.util.calendar.ZoneInfo[id=""Pacific/Auckland"",offset=43200000,dstSavings=3600000,useDaylight=true,transitions=156,lastRule=java.util.SimpleTimeZone[id=Pacific/Auckland,offset=43200000,dstSavings=3600000,useDaylight=true,startYear=0,startMode=2,startMonth=8,startDay=-1,startDayOfWeek=1,startTime=7200000,startTimeMode=1,endMode=3,endMonth=3,endDay=1,endDayOfWeek=1,endTime=7200000,endTimeMode=1]],firstDayOfWeek=1,minimalDaysInFirstWeek=1,ERA=1,YEAR=2003,MONTH=0,WEEK_OF_YEAR=1,WEEK_OF_MONTH=1,DAY_OF_MONTH=1,DAY_OF_YEAR=1,DAY_OF_WEEK=4,DAY_OF_WEEK_IN_MONTH=1,AM_PM=0,HOUR=0,HOUR_OF_DAY=0,MINUTE=0,SECOND=0,MILLISECOND=0,ZONE_OFFSET=43200000,DST_OFFSET=3600000]",0.0,127949.0,249548.0,377497.0
South Island,2003,"java.util.GregorianCalendar[time=1041332400000,areFieldsSet=true,areAllFieldsSet=true,lenient=true,zone=sun.util.calendar.ZoneInfo[id=""Pacific/Auckland"",offset=43200000,dstSavings=3600000,useDaylight=true,transitions=156,lastRule=java.util.SimpleTimeZone[id=Pacific/Auckland,offset=43200000,dstSavings=3600000,useDaylight=true,startYear=0,startMode=2,startMonth=8,startDay=-1,startDayOfWeek=1,startTime=7200000,startTimeMode=1,endMode=3,endMonth=3,endDay=1,endDayOfWeek=1,endTime=7200000,endTimeMode=1]],firstDayOfWeek=1,minimalDaysInFirstWeek=1,ERA=1,YEAR=2003,MONTH=0,WEEK_OF_YEAR=1,WEEK_OF_MONTH=1,DAY_OF_MONTH=1,DAY_OF_YEAR=1,DAY_OF_WEEK=4,DAY_OF_WEEK_IN_MONTH=1,AM_PM=0,HOUR=0,HOUR_OF_DAY=0,MINUTE=0,SECOND=0,MILLISECOND=0,ZONE_OFFSET=43200000,DST_OFFSET=3600000]",2351021.0,276385.0,252336.0,2879742.0
New Zealand,2003,"java.util.GregorianCalendar[time=1041332400000,areFieldsSet=true,areAllFieldsSet=true,lenient=true,zone=sun.util.calendar.ZoneInfo[id=""Pacific/Auckland"",offset=43200000,dstSavings=3600000,useDaylight=true,transitions=156,lastRule=java.util.SimpleTimeZone[id=Pacific/Auckland,offset=43200000,dstSavings=3600000,useDaylight=true,startYear=0,startMode=2,startMonth=8,startDay=-1,startDayOfWeek=1,startTime=7200000,startTimeMode=1,endMode=3,endMonth=3,endDay=1,endDayOfWeek=1,endTime=7200000,endTimeMode=1]],firstDayOfWeek=1,minimalDaysInFirstWeek=1,ERA=1,YEAR=2003,MONTH=0,WEEK_OF_YEAR=1,WEEK_OF_MONTH=1,DAY_OF_MONTH=1,DAY_OF_YEAR=1,DAY_OF_WEEK=4,DAY_OF_WEEK_IN_MONTH=1,AM_PM=0,HOUR=0,HOUR_OF_DAY=0,MINUTE=0,SECOND=0,MILLISECOND=0,ZONE_OFFSET=43200000,DST_OFFSET=3600000]",2351021.0,2576555.0,252336.0,5179912.0
Waikato,2002,"java.util.GregorianCalendar[time=1009796400000,areFieldsSet=true,areAllFieldsSet=true,lenient=true,zone=sun.util.calendar.ZoneInfo[id=""Pacific/Auckland"",offset=43200000,dstSavings=3600000,useDaylight=true,transitions=156,lastRule=java.util.SimpleTimeZone[id=Pacific/Auckland,offset=43200000,dstSavings=3600000,useDaylight=true,startYear=0,startMode=2,startMonth=8,startDay=-1,startDayOfWeek=1,startTime=7200000,startTimeMode=1,endMode=3,endMonth=3,endDay=1,endDayOfWeek=1,endTime=7200000,endTimeMode=1]],firstDayOfWeek=1,minimalDaysInFirstWeek=1,ERA=1,YEAR=2002,MONTH=0,WEEK_OF_YEAR=1,WEEK_OF_MONTH=1,DAY_OF_MONTH=1,DAY_OF_YEAR=1,DAY_OF_WEEK=3,DAY_OF_WEEK_IN_MONTH=1,AM_PM=0,HOUR=0,HOUR_OF_DAY=0,MINUTE=0,SECOND=0,MILLISECOND=0,ZONE_OFFSET=43200000,DST_OFFSET=3600000]",0.0,1675826.0,0.0,1675826.0
North Island,2002,"java.util.GregorianCalendar[time=1009796400000,areFieldsSet=true,areAllFieldsSet=true,lenient=true,zone=sun.util.calendar.ZoneInfo[id=""Pacific/Auckland"",offset=43200000,dstSavings=3600000,useDaylight=true,transitions=156,lastRule=java.util.SimpleTimeZone[id=Pacific/Auckland,offset=43200000,dstSavings=3600000,useDaylight=true,startYear=0,startMode=2,startMonth=8,startDay=-1,startDayOfWeek=1,startTime=7200000,startTimeMode=1,endMode=3,endMonth=3,endDay=1,endDayOfWeek=1,endTime=7200000,endTimeMode=1]],firstDayOfWeek=1,minimalDaysInFirstWeek=1,ERA=1,YEAR=2002,MONTH=0,WEEK_OF_YEAR=1,WEEK_OF_MONTH=1,DAY_OF_MONTH=1,DAY_OF_YEAR=1,DAY_OF_WEEK=3,DAY_OF_WEEK_IN_MONTH=1,AM_PM=0,HOUR=0,HOUR_OF_DAY=0,MINUTE=0,SECOND=0,MILLISECOND=0,ZONE_OFFSET=43200000,DST_OFFSET=3600000]",0.0,1675826.0,0.0,1675826.0
West Coast,2002,"java.util.GregorianCalendar[time=1009796400000,areFieldsSet=true,areAllFieldsSet=true,lenient=true,zone=sun.util.calendar.ZoneInfo[id=""Pacific/Auckland"",offset=43200000,dstSavings=3600000,useDaylight=true,transitions=156,lastRule=java.util.SimpleTimeZone[id=Pacific/Auckland,offset=43200000,dstSavings=3600000,useDaylight=true,startYear=0,startMode=2,startMonth=8,startDay=-1,startDayOfWeek=1,startTime=7200000,startTimeMode=1,endMode=3,endMonth=3,endDay=1,endDayOfWeek=1,endTime=7200000,endTimeMode=1]],firstDayOfWeek=1,minimalDaysInFirstWeek=1,ERA=1,YEAR=2002,MONTH=0,WEEK_OF_YEAR=1,WEEK_OF_MONTH=1,DAY_OF_MONTH=1,DAY_OF_YEAR=1,DAY_OF_WEEK=3,DAY_OF_WEEK_IN_MONTH=1,AM_PM=0,HOUR=0,HOUR_OF_DAY=0,MINUTE=0,SECOND=0,MILLISECOND=0,ZONE_OFFSET=43200000,DST_OFFSET=3600000]",2268906.0,115039.0,0.0,2383945.0
Canterbury,2002,"java.util.GregorianCalendar[time=1009796400000,areFieldsSet=true,areAllFieldsSet=true,lenient=true,zone=sun.util.calendar.ZoneInfo[id=""Pacific/Auckland"",offset=43200000,dstSavings=3600000,useDaylight=true,transitions=156,lastRule=java.util.SimpleTimeZone[id=Pacific/Auckland,offset=43200000,dstSavings=3600000,useDaylight=true,startYear=0,startMode=2,startMonth=8,startDay=-1,startDayOfWeek=1,startTime=7200000,startTimeMode=1,endMode=3,endMonth=3,endDay=1,endDayOfWeek=1,endTime=7200000,endTimeMode=1]],firstDayOfWeek=1,minimalDaysInFirstWeek=1,ERA=1,YEAR=2002,MONTH=0,WEEK_OF_YEAR=1,WEEK_OF_MONTH=1,DAY_OF_MONTH=1,DAY_OF_YEAR=1,DAY_OF_WEEK=3,DAY_OF_WEEK_IN_MONTH=1,AM_PM=0,HOUR=0,HOUR_OF_DAY=0,MINUTE=0,SECOND=0,MILLISECOND=0,ZONE_OFFSET=43200000,DST_OFFSET=3600000]",0.0,155.0,0.0,155.0
Otago,2002,"java.util.GregorianCalendar[time=1009796400000,areFieldsSet=true,areAllFieldsSet=true,lenient=true,zone=sun.util.calendar.ZoneInfo[id=""Pacific/Auckland"",offset=43200000,dstSavings=3600000,useDaylight=true,transitions=156,lastRule=java.util.SimpleTimeZone[id=Pacific/Auckland,offset=43200000,dstSavings=3600000,useDaylight=true,startYear=0,startMode=2,startMonth=8,startDay=-1,startDayOfWeek=1,startTime=7200000,startTimeMode=1,endMode=3,endMonth=3,endDay=1,endDayOfWeek=1,endTime=7200000,endTimeMode=1]],firstDayOfWeek=1,minimalDaysInFirstWeek=1,ERA=1,YEAR=2002,MONTH=0,WEEK_OF_YEAR=1,WEEK_OF_MONTH=1,DAY_OF_MONTH=1,DAY_OF_YEAR=1,DAY_OF_WEEK=3,DAY_OF_WEEK_IN_MONTH=1,AM_PM=0,HOUR=0,HOUR_OF_DAY=0,MINUTE=0,SECOND=0,MILLISECOND=0,ZONE_OFFSET=43200000,DST_OFFSET=3600000]",0.0,47040.0,2170.0,49210.0
Southland,2002,"java.util.GregorianCalendar[time=1009796400000,areFieldsSet=true,areAllFieldsSet=true,lenient=true,zone=sun.util.calendar.ZoneInfo[id=""Pacific/Auckland"",offset=43200000,dstSavings=3600000,useDaylight=true,transitions=156,lastRule=java.util.SimpleTimeZone[id=Pacific/Auckland,offset=43200000,dstSavings=3600000,useDaylight=true,startYear=0,startMode=2,startMonth=8,startDay=-1,startDayOfWeek=1,startTime=7200000,startTimeMode=1,endMode=3,endMonth=3,endDay=1,endDayOfWeek=1,endTime=7200000,endTimeMode=1]],firstDayOfWeek=1,minimalDaysInFirstWeek=1,ERA=1,YEAR=2002,MONTH=0,WEEK_OF_YEAR=1,WEEK_OF_MONTH=1,DAY_OF_MONTH=1,DAY_OF_YEAR=1,DAY_OF_WEEK=3,DAY_OF_WEEK_IN_MONTH=1,AM_PM=0,HOUR=0,HOUR_OF_DAY=0,MINUTE=0,SECOND=0,MILLISECOND=0,ZONE_OFFSET=43200000,DST_OFFSET=3600000]",0.0,133734.0,216069.0,349803.0
South Island,2002,"java.util.GregorianCalendar[time=1009796400000,areFieldsSet=true,areAllFieldsSet=true,lenient=true,zone=sun.util.calendar.ZoneInfo[id=""Pacific/Auckland"",offset=43200000,dstSavings=3600000,useDaylight=true,transitions=156,lastRule=java.util.SimpleTimeZone[id=Pacific/Auckland,offset=43200000,dstSavings=3600000,useDaylight=true,startYear=0,startMode=2,startMonth=8,startDay=-1,startDayOfWeek=1,startTime=7200000,startTimeMode=1,endMode=3,endMonth=3,endDay=1,endDayOfWeek=1,endTime=7200000,endTimeMode=1]],firstDayOfWeek=1,minimalDaysInFirstWeek=1,ERA=1,YEAR=2002,MONTH=0,WEEK_OF_YEAR=1,WEEK_OF_MONTH=1,DAY_OF_MONTH=1,DAY_OF_YEAR=1,DAY_OF_WEEK=3,DAY_OF_WEEK_IN_MONTH=1,AM_PM=0,HOUR=0,HOUR_OF_DAY=0,MINUTE=0,SECOND=0,MILLISECOND=0,ZONE_OFFSET=43200000,DST_OFFSET=3600000]",2268906.0,295968.0,218239.0,2783113.0
New Zealand,2002,"java.util.GregorianCalendar[time=1009796400000,areFieldsSet=true,areAllFieldsSet=true,lenient=true,zone=sun.util.calendar.ZoneInfo[id=""Pacific/Auckland"",offset=43200000,dstSavings=3600000,useDaylight=true,transitions=156,lastRule=java.util.SimpleTimeZone[id=Pacific/Auckland,offset=43200000,dstSavings=3600000,useDaylight=true,startYear=0,startMode=2,startMonth=8,startDay=-1,startDayOfWeek=1,startTime=7200000,startTimeMode=1,endMode=3,endMonth=3,endDay=1,endDayOfWeek=1,endTime=7200000,endTimeMode=1]],firstDayOfWeek=1,minimalDaysInFirstWeek=1,ERA=1,YEAR=2002,MONTH=0,WEEK_OF_YEAR=1,WEEK_OF_MONTH=1,DAY_OF_MONTH=1,DAY_OF_YEAR=1,DAY_OF_WEEK=3,DAY_OF_WEEK_IN_MONTH=1,AM_PM=0,HOUR=0,HOUR_OF_DAY=0,MINUTE=0,SECOND=0,MILLISECOND=0,ZONE_OFFSET=43200000,DST_OFFSET=3600000]",2268906.0,1971794.0,218239.0,4458939.0
Waikato,2001,"java.util.GregorianCalendar[time=978260400000,areFieldsSet=true,areAllFieldsSet=true,lenient=true,zone=sun.util.calendar.ZoneInfo[id=""Pacific/Auckland"",offset=43200000,dstSavings=3600000,useDaylight=true,transitions=156,lastRule=java.util.SimpleTimeZone[id=Pacific/Auckland,offset=43200000,dstSavings=3600000,useDaylight=true,startYear=0,startMode=2,startMonth=8,startDay=-1,startDayOfWeek=1,startTime=7200000,startTimeMode=1,endMode=3,endMonth=3,endDay=1,endDayOfWeek=1,endTime=7200000,endTimeMode=1]],firstDayOfWeek=1,minimalDaysInFirstWeek=1,ERA=1,YEAR=2001,MONTH=0,WEEK_OF_YEAR=1,WEEK_OF_MONTH=1,DAY_OF_MONTH=1,DAY_OF_YEAR=1,DAY_OF_WEEK=2,DAY_OF_WEEK_IN_MONTH=1,AM_PM=0,HOUR=0,HOUR_OF_DAY=0,MINUTE=0,SECOND=0,MILLISECOND=0,ZONE_OFFSET=43200000,DST_OFFSET=3600000]",0.0,1523805.0,0.0,1523805.0
North Island,2001,"java.util.GregorianCalendar[time=978260400000,areFieldsSet=true,areAllFieldsSet=true,lenient=true,zone=sun.util.calendar.ZoneInfo[id=""Pacific/Auckland"",offset=43200000,dstSavings=3600000,useDaylight=true,transitions=156,lastRule=java.util.SimpleTimeZone[id=Pacific/Auckland,offset=43200000,dstSavings=3600000,useDaylight=true,startYear=0,startMode=2,startMonth=8,startDay=-1,startDayOfWeek=1,startTime=7200000,startTimeMode=1,endMode=3,endMonth=3,endDay=1,endDayOfWeek=1,endTime=7200000,endTimeMode=1]],firstDayOfWeek=1,minimalDaysInFirstWeek=1,ERA=1,YEAR=2001,MONTH=0,WEEK_OF_YEAR=1,WEEK_OF_MONTH=1,DAY_OF_MONTH=1,DAY_OF_YEAR=1,DAY_OF_WEEK=2,DAY_OF_WEEK_IN_MONTH=1,AM_PM=0,HOUR=0,HOUR_OF_DAY=0,MINUTE=0,SECOND=0,MILLISECOND=0,ZONE_OFFSET=43200000,DST_OFFSET=3600000]",0.0,1523805.0,0.0,1523805.0
West Coast,2001,"java.util.GregorianCalendar[time=978260400000,areFieldsSet=true,areAllFieldsSet=true,lenient=true,zone=sun.util.calendar.ZoneInfo[id=""Pacific/Auckland"",offset=43200000,dstSavings=3600000,useDaylight=true,transitions=156,lastRule=java.util.SimpleTimeZone[id=Pacific/Auckland,offset=43200000,dstSavings=3600000,useDaylight=true,startYear=0,startMode=2,startMonth=8,startDay=-1,startDayOfWeek=1,startTime=7200000,startTimeMode=1,endMode=3,endMonth=3,endDay=1,endDayOfWeek=1,endTime=7200000,endTimeMode=1]],firstDayOfWeek=1,minimalDaysInFirstWeek=1,ERA=1,YEAR=2001,MONTH=0,WEEK_OF_YEAR=1,WEEK_OF_MONTH=1,DAY_OF_MONTH=1,DAY_OF_YEAR=1,DAY_OF_WEEK=2,DAY_OF_WEEK_IN_MONTH=1,AM_PM=0,HOUR=0,HOUR_OF_DAY=0,MINUTE=0,SECOND=0,MILLISECOND=0,ZONE_OFFSET=43200000,DST_OFFSET=3600000]",1896771.0,89838.0,0.0,1986609.0
Canterbury,2001,"java.util.GregorianCalendar[time=978260400000,areFieldsSet=true,areAllFieldsSet=true,lenient=true,zone=sun.util.calendar.ZoneInfo[id=""Pacific/Auckland"",offset=43200000,dstSavings=3600000,useDaylight=true,transitions=156,lastRule=java.util.SimpleTimeZone[id=Pacific/Auckland,offset=43200000,dstSavings=3600000,useDaylight=true,startYear=0,startMode=2,startMonth=8,startDay=-1,startDayOfWeek=1,startTime=7200000,startTimeMode=1,endMode=3,endMonth=3,endDay=1,endDayOfWeek=1,endTime=7200000,endTimeMode=1]],firstDayOfWeek=1,minimalDaysInFirstWeek=1,ERA=1,YEAR=2001,MONTH=0,WEEK_OF_YEAR=1,WEEK_OF_MONTH=1,DAY_OF_MONTH=1,DAY_OF_YEAR=1,DAY_OF_WEEK=2,DAY_OF_WEEK_IN_MONTH=1,AM_PM=0,HOUR=0,HOUR_OF_DAY=0,MINUTE=0,SECOND=0,MILLISECOND=0,ZONE_OFFSET=43200000,DST_OFFSET=3600000]",0.0,289.0,0.0,289.0
Otago,2001,"java.util.GregorianCalendar[time=978260400000,areFieldsSet=true,areAllFieldsSet=true,lenient=true,zone=sun.util.calendar.ZoneInfo[id=""Pacific/Auckland"",offset=43200000,dstSavings=3600000,useDaylight=true,transitions=156,lastRule=java.util.SimpleTimeZone[id=Pacific/Auckland,offset=43200000,dstSavings=3600000,useDaylight=true,startYear=0,startMode=2,startMonth=8,startDay=-1,startDayOfWeek=1,startTime=7200000,startTimeMode=1,endMode=3,endMonth=3,endDay=1,endDayOfWeek=1,endTime=7200000,endTimeMode=1]],firstDayOfWeek=1,minimalDaysInFirstWeek=1,ERA=1,YEAR=2001,MONTH=0,WEEK_OF_YEAR=1,WEEK_OF_MONTH=1,DAY_OF_MONTH=1,DAY_OF_YEAR=1,DAY_OF_WEEK=2,DAY_OF_WEEK_IN_MONTH=1,AM_PM=0,HOUR=0,HOUR_OF_DAY=0,MINUTE=0,SECOND=0,MILLISECOND=0,ZONE_OFFSET=43200000,DST_OFFSET=3600000]",0.0,45011.0,1713.0,46724.0
Southland,2001,"java.util.GregorianCalendar[time=978260400000,areFieldsSet=true,areAllFieldsSet=true,lenient=true,zone=sun.util.calendar.ZoneInfo[id=""Pacific/Auckland"",offset=43200000,dstSavings=3600000,useDaylight=true,transitions=156,lastRule=java.util.SimpleTimeZone[id=Pacific/Auckland,offset=43200000,dstSavings=3600000,useDaylight=true,startYear=0,startMode=2,startMonth=8,startDay=-1,startDayOfWeek=1,startTime=7200000,startTimeMode=1,endMode=3,endMonth=3,endDay=1,endDayOfWeek=1,endTime=7200000,endTimeMode=1]],firstDayOfWeek=1,minimalDaysInFirstWeek=1,ERA=1,YEAR=2001,MONTH=0,WEEK_OF_YEAR=1,WEEK_OF_MONTH=1,DAY_OF_MONTH=1,DAY_OF_YEAR=1,DAY_OF_WEEK=2,DAY_OF_WEEK_IN_MONTH=1,AM_PM=0,HOUR=0,HOUR_OF_DAY=0,MINUTE=0,SECOND=0,MILLISECOND=0,ZONE_OFFSET=43200000,DST_OFFSET=3600000]",0.0,152738.0,201231.0,353969.0
South Island,2001,"java.util.GregorianCalendar[time=978260400000,areFieldsSet=true,areAllFieldsSet=true,lenient=true,zone=sun.util.calendar.ZoneInfo[id=""Pacific/Auckland"",offset=43200000,dstSavings=3600000,useDaylight=true,transitions=156,lastRule=java.util.SimpleTimeZone[id=Pacific/Auckland,offset=43200000,dstSavings=3600000,useDaylight=true,startYear=0,startMode=2,startMonth=8,startDay=-1,startDayOfWeek=1,startTime=7200000,startTimeMode=1,endMode=3,endMonth=3,endDay=1,endDayOfWeek=1,endTime=7200000,endTimeMode=1]],firstDayOfWeek=1,minimalDaysInFirstWeek=1,ERA=1,YEAR=2001,MONTH=0,WEEK_OF_YEAR=1,WEEK_OF_MONTH=1,DAY_OF_MONTH=1,DAY_OF_YEAR=1,DAY_OF_WEEK=2,DAY_OF_WEEK_IN_MONTH=1,AM_PM=0,HOUR=0,HOUR_OF_DAY=0,MINUTE=0,SECOND=0,MILLISECOND=0,ZONE_OFFSET=43200000,DST_OFFSET=3600000]",1896771.0,287876.0,202944.0,2387591.0
New Zealand,2001,"java.util.GregorianCalendar[time=978260400000,areFieldsSet=true,areAllFieldsSet=true,lenient=true,zone=sun.util.calendar.ZoneInfo[id=""Pacific/Auckland"",offset=43200000,dstSavings=3600000,useDaylight=true,transitions=156,lastRule=java.util.SimpleTimeZone[id=Pacific/Auckland,offset=43200000,dstSavings=3600000,useDaylight=true,startYear=0,startMode=2,startMonth=8,startDay=-1,startDayOfWeek=1,startTime=7200000,startTimeMode=1,endMode=3,endMonth=3,endDay=1,endDayOfWeek=1,endTime=7200000,endTimeMode=1]],firstDayOfWeek=1,minimalDaysInFirstWeek=1,ERA=1,YEAR=2001,MONTH=0,WEEK_OF_YEAR=1,WEEK_OF_MONTH=1,DAY_OF_MONTH=1,DAY_OF_YEAR=1,DAY_OF_WEEK=2,DAY_OF_WEEK_IN_MONTH=1,AM_PM=0,HOUR=0,HOUR_OF_DAY=0,MINUTE=0,SECOND=0,MILLISECOND=0,ZONE_OFFSET=43200000,DST_OFFSET=3600000]",1896771.0,1811681.0,202944.0,3911396.0
Waikato,2000,"java.util.GregorianCalendar[time=946638000000,areFieldsSet=true,areAllFieldsSet=true,lenient=true,zone=sun.util.calendar.ZoneInfo[id=""Pacific/Auckland"",offset=43200000,dstSavings=3600000,useDaylight=true,transitions=156,lastRule=java.util.SimpleTimeZone[id=Pacific/Auckland,offset=43200000,dstSavings=3600000,useDaylight=true,startYear=0,startMode=2,startMonth=8,startDay=-1,startDayOfWeek=1,startTime=7200000,startTimeMode=1,endMode=3,endMonth=3,endDay=1,endDayOfWeek=1,endTime=7200000,endTimeMode=1]],firstDayOfWeek=1,minimalDaysInFirstWeek=1,ERA=1,YEAR=2000,MONTH=0,WEEK_OF_YEAR=1,WEEK_OF_MONTH=1,DAY_OF_MONTH=1,DAY_OF_YEAR=1,DAY_OF_WEEK=7,DAY_OF_WEEK_IN_MONTH=1,AM_PM=0,HOUR=0,HOUR_OF_DAY=0,MINUTE=0,SECOND=0,MILLISECOND=0,ZONE_OFFSET=43200000,DST_OFFSET=3600000]",0.0,1306781.0,0.0,1306781.0
North Island,2000,"java.util.GregorianCalendar[time=946638000000,areFieldsSet=true,areAllFieldsSet=true,lenient=true,zone=sun.util.calendar.ZoneInfo[id=""Pacific/Auckland"",offset=43200000,dstSavings=3600000,useDaylight=true,transitions=156,lastRule=java.util.SimpleTimeZone[id=Pacific/Auckland,offset=43200000,dstSavings=3600000,useDaylight=true,startYear=0,startMode=2,startMonth=8,startDay=-1,startDayOfWeek=1,startTime=7200000,startTimeMode=1,endMode=3,endMonth=3,endDay=1,endDayOfWeek=1,endTime=7200000,endTimeMode=1]],firstDayOfWeek=1,minimalDaysInFirstWeek=1,ERA=1,YEAR=2000,MONTH=0,WEEK_OF_YEAR=1,WEEK_OF_MONTH=1,DAY_OF_MONTH=1,DAY_OF_YEAR=1,DAY_OF_WEEK=7,DAY_OF_WEEK_IN_MONTH=1,AM_PM=0,HOUR=0,HOUR_OF_DAY=0,MINUTE=0,SECOND=0,MILLISECOND=0,ZONE_OFFSET=43200000,DST_OFFSET=3600000]",0.0,1306781.0,0.0,1306781.0
West Coast,2000,"java.util.GregorianCalendar[time=946638000000,areFieldsSet=true,areAllFieldsSet=true,lenient=true,zone=sun.util.calendar.ZoneInfo[id=""Pacific/Auckland"",offset=43200000,dstSavings=3600000,useDaylight=true,transitions=156,lastRule=java.util.SimpleTimeZone[id=Pacific/Auckland,offset=43200000,dstSavings=3600000,useDaylight=true,startYear=0,startMode=2,startMonth=8,startDay=-1,startDayOfWeek=1,startTime=7200000,startTimeMode=1,endMode=3,endMonth=3,endDay=1,endDayOfWeek=1,endTime=7200000,endTimeMode=1]],firstDayOfWeek=1,minimalDaysInFirstWeek=1,ERA=1,YEAR=2000,MONTH=0,WEEK_OF_YEAR=1,WEEK_OF_MONTH=1,DAY_OF_MONTH=1,DAY_OF_YEAR=1,DAY_OF_WEEK=7,DAY_OF_WEEK_IN_MONTH=1,AM_PM=0,HOUR=0,HOUR_OF_DAY=0,MINUTE=0,SECOND=0,MILLISECOND=0,ZONE_OFFSET=43200000,DST_OFFSET=3600000]",1792784.0,82387.0,0.0,1875171.0
Canterbury,2000,"java.util.GregorianCalendar[time=946638000000,areFieldsSet=true,areAllFieldsSet=true,lenient=true,zone=sun.util.calendar.ZoneInfo[id=""Pacific/Auckland"",offset=43200000,dstSavings=3600000,useDaylight=true,transitions=156,lastRule=java.util.SimpleTimeZone[id=Pacific/Auckland,offset=43200000,dstSavings=3600000,useDaylight=true,startYear=0,startMode=2,startMonth=8,startDay=-1,startDayOfWeek=1,startTime=7200000,startTimeMode=1,endMode=3,endMonth=3,endDay=1,endDayOfWeek=1,endTime=7200000,endTimeMode=1]],firstDayOfWeek=1,minimalDaysInFirstWeek=1,ERA=1,YEAR=2000,MONTH=0,WEEK_OF_YEAR=1,WEEK_OF_MONTH=1,DAY_OF_MONTH=1,DAY_OF_YEAR=1,DAY_OF_WEEK=7,DAY_OF_WEEK_IN_MONTH=1,AM_PM=0,HOUR=0,HOUR_OF_DAY=0,MINUTE=0,SECOND=0,MILLISECOND=0,ZONE_OFFSET=43200000,DST_OFFSET=3600000]",0.0,669.0,0.0,669.0
Otago,2000,"java.util.GregorianCalendar[time=946638000000,areFieldsSet=true,areAllFieldsSet=true,lenient=true,zone=sun.util.calendar.ZoneInfo[id=""Pacific/Auckland"",offset=43200000,dstSavings=3600000,useDaylight=true,transitions=156,lastRule=java.util.SimpleTimeZone[id=Pacific/Auckland,offset=43200000,dstSavings=3600000,useDaylight=true,startYear=0,startMode=2,startMonth=8,startDay=-1,startDayOfWeek=1,startTime=7200000,startTimeMode=1,endMode=3,endMonth=3,endDay=1,endDayOfWeek=1,endTime=7200000,endTimeMode=1]],firstDayOfWeek=1,minimalDaysInFirstWeek=1,ERA=1,YEAR=2000,MONTH=0,WEEK_OF_YEAR=1,WEEK_OF_MONTH=1,DAY_OF_MONTH=1,DAY_OF_YEAR=1,DAY_OF_WEEK=7,DAY_OF_WEEK_IN_MONTH=1,AM_PM=0,HOUR=0,HOUR_OF_DAY=0,MINUTE=0,SECOND=0,MILLISECOND=0,ZONE_OFFSET=43200000,DST_OFFSET=3600000]",0.0,44702.0,1773.0,46475.0
Southland,2000,"java.util.GregorianCalendar[time=946638000000,areFieldsSet=true,areAllFieldsSet=true,lenient=true,zone=sun.util.calendar.ZoneInfo[id=""Pacific/Auckland"",offset=43200000,dstSavings=3600000,useDaylight=true,transitions=156,lastRule=java.util.SimpleTimeZone[id=Pacific/Auckland,offset=43200000,dstSavings=3600000,useDaylight=true,startYear=0,startMode=2,startMonth=8,startDay=-1,startDayOfWeek=1,startTime=7200000,startTimeMode=1,endMode=3,endMonth=3,endDay=1,endDayOfWeek=1,endTime=7200000,endTimeMode=1]],firstDayOfWeek=1,minimalDaysInFirstWeek=1,ERA=1,YEAR=2000,MONTH=0,WEEK_OF_YEAR=1,WEEK_OF_MONTH=1,DAY_OF_MONTH=1,DAY_OF_YEAR=1,DAY_OF_WEEK=7,DAY_OF_WEEK_IN_MONTH=1,AM_PM=0,HOUR=0,HOUR_OF_DAY=0,MINUTE=0,SECOND=0,MILLISECOND=0,ZONE_OFFSET=43200000,DST_OFFSET=3600000]",0.0,210843.0,145696.0,356539.0
South Island,2000,"java.util.GregorianCalendar[time=946638000000,areFieldsSet=true,areAllFieldsSet=true,lenient=true,zone=sun.util.calendar.ZoneInfo[id=""Pacific/Auckland"",offset=43200000,dstSavings=3600000,useDaylight=true,transitions=156,lastRule=java.util.SimpleTimeZone[id=Pacific/Auckland,offset=43200000,dstSavings=3600000,useDaylight=true,startYear=0,startMode=2,startMonth=8,startDay=-1,startDayOfWeek=1,startTime=7200000,startTimeMode=1,endMode=3,endMonth=3,endDay=1,endDayOfWeek=1,endTime=7200000,endTimeMode=1]],firstDayOfWeek=1,minimalDaysInFirstWeek=1,ERA=1,YEAR=2000,MONTH=0,WEEK_OF_YEAR=1,WEEK_OF_MONTH=1,DAY_OF_MONTH=1,DAY_OF_YEAR=1,DAY_OF_WEEK=7,DAY_OF_WEEK_IN_MONTH=1,AM_PM=0,HOUR=0,HOUR_OF_DAY=0,MINUTE=0,SECOND=0,MILLISECOND=0,ZONE_OFFSET=43200000,DST_OFFSET=3600000]",1792784.0,338601.0,147469.0,2278854.0
New Zealand,2000,"java.util.GregorianCalendar[time=946638000000,areFieldsSet=true,areAllFieldsSet=true,lenient=true,zone=sun.util.calendar.ZoneInfo[id=""Pacific/Auckland"",offset=43200000,dstSavings=3600000,useDaylight=true,transitions=156,lastRule=java.util.SimpleTimeZone[id=Pacific/Auckland,offset=43200000,dstSavings=3600000,useDaylight=true,startYear=0,startMode=2,startMonth=8,startDay=-1,startDayOfWeek=1,startTime=7200000,startTimeMode=1,endMode=3,endMonth=3,endDay=1,endDayOfWeek=1,endTime=7200000,endTimeMode=1]],firstDayOfWeek=1,minimalDaysInFirstWeek=1,ERA=1,YEAR=2000,MONTH=0,WEEK_OF_YEAR=1,WEEK_OF_MONTH=1,DAY_OF_MONTH=1,DAY_OF_YEAR=1,DAY_OF_WEEK=7,DAY_OF_WEEK_IN_MONTH=1,AM_PM=0,HOUR=0,HOUR_OF_DAY=0,MINUTE=0,SECOND=0,MILLISECOND=0,ZONE_OFFSET=43200000,DST_OFFSET=3600000]",1792784.0,1645382.0,147469.0,3585635.0
Waikato,1999,"java.util.GregorianCalendar[time=915102000000,areFieldsSet=true,areAllFieldsSet=true,lenient=true,zone=sun.util.calendar.ZoneInfo[id=""Pacific/Auckland"",offset=43200000,dstSavings=3600000,useDaylight=true,transitions=156,lastRule=java.util.SimpleTimeZone[id=Pacific/Auckland,offset=43200000,dstSavings=3600000,useDaylight=true,startYear=0,startMode=2,startMonth=8,startDay=-1,startDayOfWeek=1,startTime=7200000,startTimeMode=1,endMode=3,endMonth=3,endDay=1,endDayOfWeek=1,endTime=7200000,endTimeMode=1]],firstDayOfWeek=1,minimalDaysInFirstWeek=1,ERA=1,YEAR=1999,MONTH=0,WEEK_OF_YEAR=1,WEEK_OF_MONTH=1,DAY_OF_MONTH=1,DAY_OF_YEAR=1,DAY_OF_WEEK=6,DAY_OF_WEEK_IN_MONTH=1,AM_PM=0,HOUR=0,HOUR_OF_DAY=0,MINUTE=0,SECOND=0,MILLISECOND=0,ZONE_OFFSET=43200000,DST_OFFSET=3600000]",0.0,1429254.0,0.0,1429254.0
North Island,1999,"java.util.GregorianCalendar[time=915102000000,areFieldsSet=true,areAllFieldsSet=true,lenient=true,zone=sun.util.calendar.ZoneInfo[id=""Pacific/Auckland"",offset=43200000,dstSavings=3600000,useDaylight=true,transitions=156,lastRule=java.util.SimpleTimeZone[id=Pacific/Auckland,offset=43200000,dstSavings=3600000,useDaylight=true,startYear=0,startMode=2,startMonth=8,startDay=-1,startDayOfWeek=1,startTime=7200000,startTimeMode=1,endMode=3,endMonth=3,endDay=1,endDayOfWeek=1,endTime=7200000,endTimeMode=1]],firstDayOfWeek=1,minimalDaysInFirstWeek=1,ERA=1,YEAR=1999,MONTH=0,WEEK_OF_YEAR=1,WEEK_OF_MONTH=1,DAY_OF_MONTH=1,DAY_OF_YEAR=1,DAY_OF_WEEK=6,DAY_OF_WEEK_IN_MONTH=1,AM_PM=0,HOUR=0,HOUR_OF_DAY=0,MINUTE=0,SECOND=0,MILLISECOND=0,ZONE_OFFSET=43200000,DST_OFFSET=3600000]",0.0,1429254.0,0.0,1429254.0
West Coast,1999,"java.util.GregorianCalendar[time=915102000000,areFieldsSet=true,areAllFieldsSet=true,lenient=true,zone=sun.util.calendar.ZoneInfo[id=""Pacific/Auckland"",offset=43200000,dstSavings=3600000,useDaylight=true,transitions=156,lastRule=java.util.SimpleTimeZone[id=Pacific/Auckland,offset=43200000,dstSavings=3600000,useDaylight=true,startYear=0,startMode=2,startMonth=8,startDay=-1,startDayOfWeek=1,startTime=7200000,startTimeMode=1,endMode=3,endMonth=3,endDay=1,endDayOfWeek=1,endTime=7200000,endTimeMode=1]],firstDayOfWeek=1,minimalDaysInFirstWeek=1,ERA=1,YEAR=1999,MONTH=0,WEEK_OF_YEAR=1,WEEK_OF_MONTH=1,DAY_OF_MONTH=1,DAY_OF_YEAR=1,DAY_OF_WEEK=6,DAY_OF_WEEK_IN_MONTH=1,AM_PM=0,HOUR=0,HOUR_OF_DAY=0,MINUTE=0,SECOND=0,MILLISECOND=0,ZONE_OFFSET=43200000,DST_OFFSET=3600000]",1620866.0,64009.0,0.0,1684875.0
Canterbury,1999,"java.util.GregorianCalendar[time=915102000000,areFieldsSet=true,areAllFieldsSet=true,lenient=true,zone=sun.util.calendar.ZoneInfo[id=""Pacific/Auckland"",offset=43200000,dstSavings=3600000,useDaylight=true,transitions=156,lastRule=java.util.SimpleTimeZone[id=Pacific/Auckland,offset=43200000,dstSavings=3600000,useDaylight=true,startYear=0,startMode=2,startMonth=8,startDay=-1,startDayOfWeek=1,startTime=7200000,startTimeMode=1,endMode=3,endMonth=3,endDay=1,endDayOfWeek=1,endTime=7200000,endTimeMode=1]],firstDayOfWeek=1,minimalDaysInFirstWeek=1,ERA=1,YEAR=1999,MONTH=0,WEEK_OF_YEAR=1,WEEK_OF_MONTH=1,DAY_OF_MONTH=1,DAY_OF_YEAR=1,DAY_OF_WEEK=6,DAY_OF_WEEK_IN_MONTH=1,AM_PM=0,HOUR=0,HOUR_OF_DAY=0,MINUTE=0,SECOND=0,MILLISECOND=0,ZONE_OFFSET=43200000,DST_OFFSET=3600000]",0.0,902.0,0.0,902.0
Otago,1999,"java.util.GregorianCalendar[time=915102000000,areFieldsSet=true,areAllFieldsSet=true,lenient=true,zone=sun.util.calendar.ZoneInfo[id=""Pacific/Auckland"",offset=43200000,dstSavings=3600000,useDaylight=true,transitions=156,lastRule=java.util.SimpleTimeZone[id=Pacific/Auckland,offset=43200000,dstSavings=3600000,useDaylight=true,startYear=0,startMode=2,startMonth=8,startDay=-1,startDayOfWeek=1,startTime=7200000,startTimeMode=1,endMode=3,endMonth=3,endDay=1,endDayOfWeek=1,endTime=7200000,endTimeMode=1]],firstDayOfWeek=1,minimalDaysInFirstWeek=1,ERA=1,YEAR=1999,MONTH=0,WEEK_OF_YEAR=1,WEEK_OF_MONTH=1,DAY_OF_MONTH=1,DAY_OF_YEAR=1,DAY_OF_WEEK=6,DAY_OF_WEEK_IN_MONTH=1,AM_PM=0,HOUR=0,HOUR_OF_DAY=0,MINUTE=0,SECOND=0,MILLISECOND=0,ZONE_OFFSET=43200000,DST_OFFSET=3600000]",0.0,42900.0,2020.0,44920.0
Southland,1999,"java.util.GregorianCalendar[time=915102000000,areFieldsSet=true,areAllFieldsSet=true,lenient=true,zone=sun.util.calendar.ZoneInfo[id=""Pacific/Auckland"",offset=43200000,dstSavings=3600000,useDaylight=true,transitions=156,lastRule=java.util.SimpleTimeZone[id=Pacific/Auckland,offset=43200000,dstSavings=3600000,useDaylight=true,startYear=0,startMode=2,startMonth=8,startDay=-1,startDayOfWeek=1,startTime=7200000,startTimeMode=1,endMode=3,endMonth=3,endDay=1,endDayOfWeek=1,endTime=7200000,endTimeMode=1]],firstDayOfWeek=1,minimalDaysInFirstWeek=1,ERA=1,YEAR=1999,MONTH=0,WEEK_OF_YEAR=1,WEEK_OF_MONTH=1,DAY_OF_MONTH=1,DAY_OF_YEAR=1,DAY_OF_WEEK=6,DAY_OF_WEEK_IN_MONTH=1,AM_PM=0,HOUR=0,HOUR_OF_DAY=0,MINUTE=0,SECOND=0,MILLISECOND=0,ZONE_OFFSET=43200000,DST_OFFSET=3600000]",0.0,135882.0,209897.0,345779.0
South Island,1999,"java.util.GregorianCalendar[time=915102000000,areFieldsSet=true,areAllFieldsSet=true,lenient=true,zone=sun.util.calendar.ZoneInfo[id=""Pacific/Auckland"",offset=43200000,dstSavings=3600000,useDaylight=true,transitions=156,lastRule=java.util.SimpleTimeZone[id=Pacific/Auckland,offset=43200000,dstSavings=3600000,useDaylight=true,startYear=0,startMode=2,startMonth=8,startDay=-1,startDayOfWeek=1,startTime=7200000,startTimeMode=1,endMode=3,endMonth=3,endDay=1,endDayOfWeek=1,endTime=7200000,endTimeMode=1]],firstDayOfWeek=1,minimalDaysInFirstWeek=1,ERA=1,YEAR=1999,MONTH=0,WEEK_OF_YEAR=1,WEEK_OF_MONTH=1,DAY_OF_MONTH=1,DAY_OF_YEAR=1,DAY_OF_WEEK=6,DAY_OF_WEEK_IN_MONTH=1,AM_PM=0,HOUR=0,HOUR_OF_DAY=0,MINUTE=0,SECOND=0,MILLISECOND=0,ZONE_OFFSET=43200000,DST_OFFSET=3600000]",1620866.0,243693.0,211917.0,2076476.0
New Zealand,1999,"java.util.GregorianCalendar[time=915102000000,areFieldsSet=true,areAllFieldsSet=true,lenient=true,zone=sun.util.calendar.ZoneInfo[id=""Pacific/Auckland"",offset=43200000,dstSavings=3600000,useDaylight=true,transitions=156,lastRule=java.util.SimpleTimeZone[id=Pacific/Auckland,offset=43200000,dstSavings=3600000,useDaylight=true,startYear=0,startMode=2,startMonth=8,startDay=-1,startDayOfWeek=1,startTime=7200000,startTimeMode=1,endMode=3,endMonth=3,endDay=1,endDayOfWeek=1,endTime=7200000,endTimeMode=1]],firstDayOfWeek=1,minimalDaysInFirstWeek=1,ERA=1,YEAR=1999,MONTH=0,WEEK_OF_YEAR=1,WEEK_OF_MONTH=1,DAY_OF_MONTH=1,DAY_OF_YEAR=1,DAY_OF_WEEK=6,DAY_OF_WEEK_IN_MONTH=1,AM_PM=0,HOUR=0,HOUR_OF_DAY=0,MINUTE=0,SECOND=0,MILLISECOND=0,ZONE_OFFSET=43200000,DST_OFFSET=3600000]",1620866.0,1672947.0,211917.0,3505730.0
Waikato,1998,"java.util.GregorianCalendar[time=883566000000,areFieldsSet=true,areAllFieldsSet=true,lenient=true,zone=sun.util.calendar.ZoneInfo[id=""Pacific/Auckland"",offset=43200000,dstSavings=3600000,useDaylight=true,transitions=156,lastRule=java.util.SimpleTimeZone[id=Pacific/Auckland,offset=43200000,dstSavings=3600000,useDaylight=true,startYear=0,startMode=2,startMonth=8,startDay=-1,startDayOfWeek=1,startTime=7200000,startTimeMode=1,endMode=3,endMonth=3,endDay=1,endDayOfWeek=1,endTime=7200000,endTimeMode=1]],firstDayOfWeek=1,minimalDaysInFirstWeek=1,ERA=1,YEAR=1998,MONTH=0,WEEK_OF_YEAR=1,WEEK_OF_MONTH=1,DAY_OF_MONTH=1,DAY_OF_YEAR=1,DAY_OF_WEEK=5,DAY_OF_WEEK_IN_MONTH=1,AM_PM=0,HOUR=0,HOUR_OF_DAY=0,MINUTE=0,SECOND=0,MILLISECOND=0,ZONE_OFFSET=43200000,DST_OFFSET=3600000]",0.0,1448650.0,0.0,1448650.0
North Island,1998,"java.util.GregorianCalendar[time=883566000000,areFieldsSet=true,areAllFieldsSet=true,lenient=true,zone=sun.util.calendar.ZoneInfo[id=""Pacific/Auckland"",offset=43200000,dstSavings=3600000,useDaylight=true,transitions=156,lastRule=java.util.SimpleTimeZone[id=Pacific/Auckland,offset=43200000,dstSavings=3600000,useDaylight=true,startYear=0,startMode=2,startMonth=8,startDay=-1,startDayOfWeek=1,startTime=7200000,startTimeMode=1,endMode=3,endMonth=3,endDay=1,endDayOfWeek=1,endTime=7200000,endTimeMode=1]],firstDayOfWeek=1,minimalDaysInFirstWeek=1,ERA=1,YEAR=1998,MONTH=0,WEEK_OF_YEAR=1,WEEK_OF_MONTH=1,DAY_OF_MONTH=1,DAY_OF_YEAR=1,DAY_OF_WEEK=5,DAY_OF_WEEK_IN_MONTH=1,AM_PM=0,HOUR=0,HOUR_OF_DAY=0,MINUTE=0,SECOND=0,MILLISECOND=0,ZONE_OFFSET=43200000,DST_OFFSET=3600000]",0.0,1448650.0,0.0,1448650.0
West Coast,1998,"java.util.GregorianCalendar[time=883566000000,areFieldsSet=true,areAllFieldsSet=true,lenient=true,zone=sun.util.calendar.ZoneInfo[id=""Pacific/Auckland"",offset=43200000,dstSavings=3600000,useDaylight=true,transitions=156,lastRule=java.util.SimpleTimeZone[id=Pacific/Auckland,offset=43200000,dstSavings=3600000,useDaylight=true,startYear=0,startMode=2,startMonth=8,startDay=-1,startDayOfWeek=1,startTime=7200000,startTimeMode=1,endMode=3,endMonth=3,endDay=1,endDayOfWeek=1,endTime=7200000,endTimeMode=1]],firstDayOfWeek=1,minimalDaysInFirstWeek=1,ERA=1,YEAR=1998,MONTH=0,WEEK_OF_YEAR=1,WEEK_OF_MONTH=1,DAY_OF_MONTH=1,DAY_OF_YEAR=1,DAY_OF_WEEK=5,DAY_OF_WEEK_IN_MONTH=1,AM_PM=0,HOUR=0,HOUR_OF_DAY=0,MINUTE=0,SECOND=0,MILLISECOND=0,ZONE_OFFSET=43200000,DST_OFFSET=3600000]",1361080.0,82655.0,0.0,1443735.0
Canterbury,1998,"java.util.GregorianCalendar[time=883566000000,areFieldsSet=true,areAllFieldsSet=true,lenient=true,zone=sun.util.calendar.ZoneInfo[id=""Pacific/Auckland"",offset=43200000,dstSavings=3600000,useDaylight=true,transitions=156,lastRule=java.util.SimpleTimeZone[id=Pacific/Auckland,offset=43200000,dstSavings=3600000,useDaylight=true,startYear=0,startMode=2,startMonth=8,startDay=-1,startDayOfWeek=1,startTime=7200000,startTimeMode=1,endMode=3,endMonth=3,endDay=1,endDayOfWeek=1,endTime=7200000,endTimeMode=1]],firstDayOfWeek=1,minimalDaysInFirstWeek=1,ERA=1,YEAR=1998,MONTH=0,WEEK_OF_YEAR=1,WEEK_OF_MONTH=1,DAY_OF_MONTH=1,DAY_OF_YEAR=1,DAY_OF_WEEK=5,DAY_OF_WEEK_IN_MONTH=1,AM_PM=0,HOUR=0,HOUR_OF_DAY=0,MINUTE=0,SECOND=0,MILLISECOND=0,ZONE_OFFSET=43200000,DST_OFFSET=3600000]",0.0,1440.0,0.0,1440.0
Otago,1998,"java.util.GregorianCalendar[time=883566000000,areFieldsSet=true,areAllFieldsSet=true,lenient=true,zone=sun.util.calendar.ZoneInfo[id=""Pacific/Auckland"",offset=43200000,dstSavings=3600000,useDaylight=true,transitions=156,lastRule=java.util.SimpleTimeZone[id=Pacific/Auckland,offset=43200000,dstSavings=3600000,useDaylight=true,startYear=0,startMode=2,startMonth=8,startDay=-1,startDayOfWeek=1,startTime=7200000,startTimeMode=1,endMode=3,endMonth=3,endDay=1,endDayOfWeek=1,endTime=7200000,endTimeMode=1]],firstDayOfWeek=1,minimalDaysInFirstWeek=1,ERA=1,YEAR=1998,MONTH=0,WEEK_OF_YEAR=1,WEEK_OF_MONTH=1,DAY_OF_MONTH=1,DAY_OF_YEAR=1,DAY_OF_WEEK=5,DAY_OF_WEEK_IN_MONTH=1,AM_PM=0,HOUR=0,HOUR_OF_DAY=0,MINUTE=0,SECOND=0,MILLISECOND=0,ZONE_OFFSET=43200000,DST_OFFSET=3600000]",0.0,49530.0,0.0,49530.0
Southland,1998,"java.util.GregorianCalendar[time=883566000000,areFieldsSet=true,areAllFieldsSet=true,lenient=true,zone=sun.util.calendar.ZoneInfo[id=""Pacific/Auckland"",offset=43200000,dstSavings=3600000,useDaylight=true,transitions=156,lastRule=java.util.SimpleTimeZone[id=Pacific/Auckland,offset=43200000,dstSavings=3600000,useDaylight=true,startYear=0,startMode=2,startMonth=8,startDay=-1,startDayOfWeek=1,startTime=7200000,startTimeMode=1,endMode=3,endMonth=3,endDay=1,endDayOfWeek=1,endTime=7200000,endTimeMode=1]],firstDayOfWeek=1,minimalDaysInFirstWeek=1,ERA=1,YEAR=1998,MONTH=0,WEEK_OF_YEAR=1,WEEK_OF_MONTH=1,DAY_OF_MONTH=1,DAY_OF_YEAR=1,DAY_OF_WEEK=5,DAY_OF_WEEK_IN_MONTH=1,AM_PM=0,HOUR=0,HOUR_OF_DAY=0,MINUTE=0,SECOND=0,MILLISECOND=0,ZONE_OFFSET=43200000,DST_OFFSET=3600000]",0.0,153730.0,206795.0,360525.0
South Island,1998,"java.util.GregorianCalendar[time=883566000000,areFieldsSet=true,areAllFieldsSet=true,lenient=true,zone=sun.util.calendar.ZoneInfo[id=""Pacific/Auckland"",offset=43200000,dstSavings=3600000,useDaylight=true,transitions=156,lastRule=java.util.SimpleTimeZone[id=Pacific/Auckland,offset=43200000,dstSavings=3600000,useDaylight=true,startYear=0,startMode=2,startMonth=8,startDay=-1,startDayOfWeek=1,startTime=7200000,startTimeMode=1,endMode=3,endMonth=3,endDay=1,endDayOfWeek=1,endTime=7200000,endTimeMode=1]],firstDayOfWeek=1,minimalDaysInFirstWeek=1,ERA=1,YEAR=1998,MONTH=0,WEEK_OF_YEAR=1,WEEK_OF_MONTH=1,DAY_OF_MONTH=1,DAY_OF_YEAR=1,DAY_OF_WEEK=5,DAY_OF_WEEK_IN_MONTH=1,AM_PM=0,HOUR=0,HOUR_OF_DAY=0,MINUTE=0,SECOND=0,MILLISECOND=0,ZONE_OFFSET=43200000,DST_OFFSET=3600000]",1361080.0,287355.0,206795.0,1855230.0
New Zealand,1998,"java.util.GregorianCalendar[time=883566000000,areFieldsSet=true,areAllFieldsSet=true,lenient=true,zone=sun.util.calendar.ZoneInfo[id=""Pacific/Auckland"",offset=43200000,dstSavings=3600000,useDaylight=true,transitions=156,lastRule=java.util.SimpleTimeZone[id=Pacific/Auckland,offset=43200000,dstSavings=3600000,useDaylight=true,startYear=0,startMode=2,startMonth=8,startDay=-1,startDayOfWeek=1,startTime=7200000,startTimeMode=1,endMode=3,endMonth=3,endDay=1,endDayOfWeek=1,endTime=7200000,endTimeMode=1]],firstDayOfWeek=1,minimalDaysInFirstWeek=1,ERA=1,YEAR=1998,MONTH=0,WEEK_OF_YEAR=1,WEEK_OF_MONTH=1,DAY_OF_MONTH=1,DAY_OF_YEAR=1,DAY_OF_WEEK=5,DAY_OF_WEEK_IN_MONTH=1,AM_PM=0,HOUR=0,HOUR_OF_DAY=0,MINUTE=0,SECOND=0,MILLISECOND=0,ZONE_OFFSET=43200000,DST_OFFSET=3600000]",1361080.0,1736005.0,206795.0,3303880.0
